,Player,Nation,Pos,Age,MP,Starts,Min,90s,Gls,Ast,G-PK,PK,PKatt,CrdY,CrdR,Gls/P90,Ast/P90,G+A/P90,G-PK/P90,G+A-PK/P90,xG,npxG,xA,npxG+xA,xG/P90,xA/P90,xG+xA/P90,npxG/P90,npxG+xA/P90
0,Bryan Cristante,it ITA,MF,27-181,4,4,360.0,4.0,1.0,0.0,1.0,0.0,0.0,1.0,0.0,0.25,0.0,0.25,0.25,0.25,0.3,0.3,0.1,0.4,0.08,0.02,0.1,0.08,0.1
1,Roger Ibanez,br BRA,DF,23-281,4,4,360.0,4.0,1.0,0.0,1.0,0.0,0.0,0.0,0.0,0.25,0.0,0.25,0.25,0.25,0.4,0.4,0.0,0.4,0.11,0.0,0.11,0.11,0.11
2,Rui Patrício,pt POR,GK,34-197,4,4,360.0,4.0,0.0,0.0,0.0,0.0,0.0,0.0,0.0,0.0,0.0,0.0,0.0,0.0,0.0,0.0,0.0,0.0,0.0,0.0,0.0,0.0,0.0
3,Lorenzo Pellegrini,it ITA,MF,26-073,4,4,348.0,3.9,0.0,2.0,0.0,0.0,0.0,0.0,0.0,0.0,0.52,0.52,0.0,0.52,1.1,1.1,1.2,2.2,0.28,0.3,0.58,0.28,0.58
4,Tammy Abraham,eng ENG,FW,24-333,4,4,326.0,3.6,1.0,1.0,1.0,0.0,0.0,0.0,0.0,0.28,0.28,0.55,0.28,0.55,3.0,3.0,0.7,3.6,0.82,0.18,1.01,0.82,1.01
5,Gianluca Mancini,it ITA,DF,26-136,4,4,315.0,3.5,0.0,0.0,0.0,0.0,0.0,0.0,0.0,0.0,0.0,0.0,0.0,0.0,0.1,0.1,0.1,0.2,0.02,0.04,0.06,0.02,0.06
6,Paulo Dybala,ar ARG,"MF,FW",28-289,4,4,299.0,3.3,2.0,1.0,2.0,0.0,0.0,0.0,0.0,0.6,0.3,0.9,0.6,0.9,2.1,2.1,1.9,4.0,0.63,0.57,1.19,0.63,1.19
7,Chris Smalling,eng ENG,DF,32-282,4,3,333.0,3.7,1.0,0.0,1.0,0.0,0.0,1.0,0.0,0.27,0.0,0.27,0.27,0.27,0.2,0.2,0.0,0.3,0.07,0.01,0.08,0.07,0.08
8,Rick Karsdorp,nl NED,DF,27-201,3,3,236.0,2.6,0.0,0.0,0.0,0.0,0.0,0.0,0.0,0.0,0.0,0.0,0.0,0.0,0.1,0.1,0.4,0.5,0.05,0.14,0.19,0.05,0.19
9,Leonardo Spinazzola,it ITA,DF,29-159,4,3,231.0,2.6,0.0,0.0,0.0,0.0,0.0,0.0,0.0,0.0,0.0,0.0,0.0,0.0,0.2,0.2,0.5,0.7,0.07,0.2,0.27,0.07,0.27
10,Nemanja Matić,rs SRB,MF,34-030,4,2,222.0,2.5,0.0,0.0,0.0,0.0,0.0,1.0,0.0,0.0,0.0,0.0,0.0,0.0,0.0,0.0,0.2,0.2,0.01,0.08,0.08,0.01,0.08
11,Nicolò Zaniolo,it ITA,MF,23-060,2,2,121.0,1.3,0.0,0.0,0.0,0.0,0.0,0.0,0.0,0.0,0.0,0.0,0.0,0.0,0.8,0.8,0.2,1.1,0.63,0.18,0.81,0.63,0.81
12,Nicola Zalewski,pl POL,DF,20-220,3,1,129.0,1.4,0.0,0.0,0.0,0.0,0.0,0.0,0.0,0.0,0.0,0.0,0.0,0.0,0.0,0.0,0.1,0.1,0.0,0.05,0.05,0.0,0.05
13,Zeki Çelik,tr TUR,DF,25-195,3,1,124.0,1.4,0.0,0.0,0.0,0.0,0.0,1.0,0.0,0.0,0.0,0.0,0.0,0.0,0.1,0.1,0.7,0.8,0.04,0.54,0.58,0.04,0.58
14,Marash Kumbulla,al ALB,DF,22-204,2,1,41.0,0.5,0.0,0.0,0.0,0.0,0.0,0.0,0.0,0.0,0.0,0.0,0.0,0.0,0.0,0.0,0.0,0.0,0.0,0.0,0.0,0.0,0.0
15,Stephan El Shaarawy,it ITA,"MF,FW",29-308,4,0,119.0,1.3,0.0,0.0,0.0,0.0,0.0,0.0,0.0,0.0,0.0,0.0,0.0,0.0,0.5,0.5,0.4,0.9,0.38,0.27,0.65,0.38,0.65
16,Georginio Wijnaldum,nl NED,MF,31-293,1,0,13.0,0.1,0.0,0.0,0.0,0.0,0.0,0.0,0.0,0.0,0.0,0.0,0.0,0.0,0.1,0.1,0.1,0.2,0.62,0.57,1.18,0.62,1.18
17,Edoardo Bove,it ITA,MF,20-107,2,0,12.0,0.1,0.0,0.0,0.0,0.0,0.0,0.0,0.0,0.0,0.0,0.0,0.0,0.0,0.1,0.1,0.0,0.1,0.45,0.0,0.45,0.45,0.45
18,Andrea Belotti,it ITA,FW,28-254,1,0,11.0,0.1,0.0,0.0,0.0,0.0,0.0,0.0,0.0,0.0,0.0,0.0,0.0,0.0,0.3,0.3,0.0,0.3,2.06,0.0,2.06,2.06,2.06
19,Felix Afena-Gyan,gh GHA,FW,19-224,0,0,,,,,,,,,,,,,,,,,,,,,,,
20,Pietro Boer,it ITA,GK,20-111,0,0,,,,,,,,,,,,,,,,,,,,,,,
21,Giacomo Faticanti,it ITA,MF,18-031,0,0,,,,,,,,,,,,,,,,,,,,,,,
22,Eldor Shomurodov,uz UZB,FW,27-063,0,0,,,,,,,,,,,,,,,,,,,,,,,
23,Mile Svilar,rs SRB,GK,23-004,0,0,,,,,,,,,,,,,,,,,,,,,,,
24,Filippo Tripi,it ITA,MF,20-237,0,0,,,,,,,,,,,,,,,,,,,,,,,
25,Matías Viña,uy URU,DF,24-295,0,0,,,,,,,,,,,,,,,,,,,,,,,
26,Samir Handanović,si SVN,GK,38-048,4,4,360.0,4.0,0.0,0.0,0.0,0.0,0.0,0.0,0.0,0.0,0.0,0.0,0.0,0.0,0.0,0.0,0.0,0.0,0.0,0.0,0.0,0.0,0.0
27,Stefan de Vrij,nl NED,DF,30-207,4,4,360.0,4.0,0.0,0.0,0.0,0.0,0.0,0.0,0.0,0.0,0.0,0.0,0.0,0.0,0.4,0.4,0.0,0.4,0.1,0.0,0.1,0.1,0.1
28,Milan Škriniar,sk SVK,DF,27-201,4,4,356.0,4.0,0.0,0.0,0.0,0.0,0.0,0.0,0.0,0.0,0.0,0.0,0.0,0.0,0.4,0.4,0.1,0.4,0.09,0.02,0.11,0.09,0.11
29,Nicolò Barella,it ITA,MF,25-205,4,4,346.0,3.8,1.0,1.0,1.0,0.0,0.0,0.0,0.0,0.26,0.26,0.52,0.26,0.52,0.3,0.3,0.6,0.9,0.07,0.16,0.23,0.07,0.23
30,Marcelo Brozović,hr CRO,MF,29-288,4,4,300.0,3.3,0.0,0.0,0.0,0.0,0.0,2.0,0.0,0.0,0.0,0.0,0.0,0.0,0.2,0.2,0.1,0.3,0.06,0.04,0.1,0.06,0.1
31,Federico Dimarco,it ITA,DF,24-294,4,4,296.0,3.3,0.0,0.0,0.0,0.0,0.0,0.0,0.0,0.0,0.0,0.0,0.0,0.0,0.2,0.2,0.9,1.1,0.07,0.27,0.33,0.07,0.33
32,Lautaro Martínez,ar ARG,FW,25-009,4,3,290.0,3.2,3.0,1.0,3.0,0.0,0.0,0.0,0.0,0.93,0.31,1.24,0.93,1.24,2.1,2.1,0.5,2.6,0.65,0.16,0.81,0.65,0.81
33,Denzel Dumfries,nl NED,DF,26-135,4,3,260.0,2.9,1.0,1.0,1.0,0.0,0.0,0.0,0.0,0.35,0.35,0.69,0.35,0.69,1.3,1.3,1.2,2.5,0.45,0.43,0.88,0.45,0.88
34,Hakan Çalhanoğlu,tr TUR,MF,28-204,4,3,244.0,2.7,1.0,1.0,1.0,0.0,0.0,0.0,0.0,0.37,0.37,0.74,0.37,0.74,0.3,0.3,0.6,0.8,0.1,0.21,0.31,0.1,0.31
35,Romelu Lukaku,be BEL,FW,29-110,3,3,225.0,2.5,1.0,1.0,1.0,0.0,0.0,0.0,0.0,0.4,0.4,0.8,0.4,0.8,1.2,1.2,0.1,1.3,0.48,0.06,0.53,0.48,0.53
36,Alessandro Bastoni,it ITA,DF,23-140,3,2,214.0,2.4,0.0,0.0,0.0,0.0,0.0,0.0,0.0,0.0,0.0,0.0,0.0,0.0,0.2,0.2,0.4,0.6,0.09,0.15,0.24,0.09,0.24
37,Matteo Darmian,it ITA,DF,32-272,3,2,166.0,1.8,0.0,1.0,0.0,0.0,0.0,1.0,0.0,0.0,0.54,0.54,0.0,0.54,0.0,0.0,0.9,0.9,0.0,0.51,0.51,0.0,0.51
38,Edin Džeko,ba BIH,FW,36-167,4,1,159.0,1.8,0.0,1.0,0.0,0.0,0.0,0.0,0.0,0.0,0.57,0.57,0.0,0.57,1.0,1.0,0.7,1.7,0.57,0.39,0.96,0.57,0.96
39,Robin Gosens,de GER,DF,28-057,4,1,113.0,1.3,0.0,0.0,0.0,0.0,0.0,0.0,0.0,0.0,0.0,0.0,0.0,0.0,0.0,0.0,0.0,0.0,0.0,0.0,0.0,0.0,0.0
40,Roberto Gagliardini,it ITA,MF,28-146,2,1,92.0,1.0,0.0,0.0,0.0,0.0,0.0,0.0,0.0,0.0,0.0,0.0,0.0,0.0,0.2,0.2,0.0,0.2,0.19,0.0,0.19,0.19,0.19
41,Joaquín Correa,ar ARG,"FW,MF",28-018,4,1,88.0,1.0,2.0,0.0,2.0,0.0,0.0,0.0,0.0,2.05,0.0,2.05,2.05,2.05,1.5,1.5,0.0,1.5,1.57,0.0,1.57,1.57,1.57
42,Henrikh Mkhitaryan,am ARM,MF,33-222,1,0,34.0,0.4,0.0,0.0,0.0,0.0,0.0,0.0,0.0,0.0,0.0,0.0,0.0,0.0,0.0,0.0,0.0,0.0,0.0,0.0,0.0,0.0,0.0
43,Kristjan Asllani,al ALB,MF,20-175,2,0,26.0,0.3,0.0,0.0,0.0,0.0,0.0,0.0,0.0,0.0,0.0,0.0,0.0,0.0,0.0,0.0,0.0,0.0,0.0,0.0,0.0,0.0,0.0
44,Danilo D'Ambrosio,it ITA,DF,33-356,1,0,19.0,0.2,0.0,0.0,0.0,0.0,0.0,0.0,0.0,0.0,0.0,0.0,0.0,0.0,0.0,0.0,0.0,0.0,0.0,0.0,0.0,0.0,0.0
45,Raoul Bellanova,it ITA,DF,22-106,1,0,12.0,0.1,0.0,0.0,0.0,0.0,0.0,0.0,0.0,0.0,0.0,0.0,0.0,0.0,0.0,0.0,0.0,0.0,0.0,0.0,0.0,0.0,0.0
46,Lucien Agoume,fr FRA,MF,20-203,0,0,,,,,,,,,,,,,,,,,,,,,,,
47,Alex Cordaz,it ITA,GK,39-242,0,0,,,,,,,,,,,,,,,,,,,,,,,
48,Alessandro Fontanarosa,it ITA,DF,19-205,0,0,,,,,,,,,,,,,,,,,,,,,,,
49,André Onana,cm CMR,GK,26-151,0,0,,,,,,,,,,,,,,,,,,,,,,,
50,Eddie Salcedo,it ITA,FW,20-334,0,0,,,,,,,,,,,,,,,,,,,,,,,
51,Mattia Zanotti,it ITA,DF,19-232,0,0,,,,,,,,,,,,,,,,,,,,,,,
52,Mike Maignan,fr FRA,GK,27-059,4,4,360.0,4.0,0.0,0.0,0.0,0.0,0.0,0.0,0.0,0.0,0.0,0.0,0.0,0.0,0.0,0.0,0.0,0.0,0.0,0.0,0.0,0.0,0.0
53,Fikayo Tomori,eng ENG,DF,24-255,4,4,352.0,3.9,0.0,0.0,0.0,0.0,0.0,0.0,0.0,0.0,0.0,0.0,0.0,0.0,0.0,0.0,0.0,0.0,0.0,0.01,0.01,0.0,0.01
54,Theo Hernández,fr FRA,DF,24-329,4,4,344.0,3.8,1.0,0.0,0.0,1.0,1.0,2.0,0.0,0.26,0.0,0.26,0.0,0.0,1.0,0.2,0.3,0.5,0.27,0.07,0.34,0.07,0.13
55,Ismaël Bennacer,dz ALG,MF,24-273,4,4,330.0,3.7,1.0,0.0,1.0,0.0,0.0,0.0,0.0,0.27,0.0,0.27,0.27,0.27,0.1,0.1,0.6,0.7,0.02,0.17,0.2,0.02,0.2
56,Rafael Leão,pt POR,FW,23-082,4,4,328.0,3.6,1.0,1.0,1.0,0.0,0.0,0.0,0.0,0.27,0.27,0.55,0.27,0.55,1.1,1.1,0.6,1.7,0.3,0.17,0.47,0.3,0.47
57,Pierre Kalulu,fr FRA,DF,22-087,4,3,281.0,3.1,0.0,0.0,0.0,0.0,0.0,0.0,0.0,0.0,0.0,0.0,0.0,0.0,0.9,0.9,0.0,0.9,0.29,0.0,0.29,0.29,0.29
58,Davide Calabria,it ITA,DF,25-268,3,3,263.0,2.9,0.0,1.0,0.0,0.0,0.0,1.0,0.0,0.0,0.34,0.34,0.0,0.34,0.2,0.2,0.3,0.5,0.08,0.11,0.19,0.08,0.19
59,Junior Messias,br BRA,FW,31-110,4,3,229.0,2.5,0.0,0.0,0.0,0.0,0.0,0.0,0.0,0.0,0.0,0.0,0.0,0.0,0.4,0.4,0.1,0.4,0.14,0.03,0.17,0.14,0.17
60,Brahim Díaz,es ESP,MF,23-028,3,3,183.0,2.0,1.0,1.0,1.0,0.0,0.0,0.0,0.0,0.49,0.49,0.98,0.49,0.98,0.6,0.6,0.4,1.0,0.3,0.17,0.48,0.3,0.48
61,Olivier Giroud,fr FRA,FW,35-335,4,2,215.0,2.4,1.0,0.0,1.0,0.0,0.0,0.0,0.0,0.42,0.0,0.42,0.42,0.42,0.7,0.7,0.2,0.9,0.29,0.08,0.37,0.29,0.37
62,Sandro Tonali,it ITA,MF,22-115,3,2,214.0,2.4,0.0,0.0,0.0,0.0,0.0,1.0,0.0,0.0,0.0,0.0,0.0,0.0,0.2,0.2,0.2,0.4,0.09,0.09,0.18,0.09,0.18
63,Ante Rebić,hr CRO,FW,28-344,2,2,127.0,1.4,2.0,0.0,2.0,0.0,0.0,1.0,0.0,1.42,0.0,1.42,1.42,1.42,0.5,0.5,0.0,0.5,0.33,0.03,0.36,0.33,0.36
64,Charles De Ketelaere,be BEL,"MF,FW",21-174,4,1,147.0,1.6,0.0,1.0,0.0,0.0,0.0,0.0,0.0,0.0,0.61,0.61,0.0,0.61,0.1,0.1,1.1,1.2,0.05,0.69,0.73,0.05,0.73
65,Alexis Saelemaekers,be BEL,FW,23-065,4,1,131.0,1.5,0.0,1.0,0.0,0.0,0.0,1.0,0.0,0.0,0.69,0.69,0.0,0.69,0.1,0.1,0.1,0.2,0.09,0.04,0.13,0.09,0.13
66,Alessandro Florenzi,it ITA,DF,31-173,2,1,97.0,1.1,0.0,0.0,0.0,0.0,0.0,0.0,0.0,0.0,0.0,0.0,0.0,0.0,0.0,0.0,0.0,0.0,0.0,0.02,0.02,0.0,0.02
67,Tommaso Pobega,it ITA,MF,23-047,3,1,93.0,1.0,0.0,0.0,0.0,0.0,0.0,0.0,0.0,0.0,0.0,0.0,0.0,0.0,0.1,0.1,0.0,0.1,0.08,0.0,0.08,0.08,0.08
68,Rade Krunić,ba BIH,MF,28-328,1,1,83.0,0.9,0.0,0.0,0.0,0.0,0.0,1.0,0.0,0.0,0.0,0.0,0.0,0.0,0.0,0.0,0.0,0.0,0.03,0.0,0.03,0.03,0.03
69,Simon Kjær,dk DEN,DF,33-158,1,1,79.0,0.9,0.0,0.0,0.0,0.0,0.0,0.0,0.0,0.0,0.0,0.0,0.0,0.0,0.0,0.0,0.0,0.0,0.0,0.0,0.0,0.0,0.0
70,Yacine Adli,fr FRA,MF,22-033,2,0,48.0,0.5,0.0,0.0,0.0,0.0,0.0,1.0,0.0,0.0,0.0,0.0,0.0,0.0,0.1,0.1,0.1,0.2,0.24,0.1,0.35,0.24,0.35
71,Divock Origi,be BEL,FW,27-135,2,0,32.0,0.4,0.0,0.0,0.0,0.0,0.0,0.0,0.0,0.0,0.0,0.0,0.0,0.0,0.0,0.0,0.0,0.0,0.0,0.0,0.0,0.0,0.0
72,Fodé Ballo-Touré,sn SEN,DF,25-240,1,0,16.0,0.2,0.0,0.0,0.0,0.0,0.0,0.0,0.0,0.0,0.0,0.0,0.0,0.0,0.0,0.0,0.1,0.1,0.0,0.73,0.73,0.0,0.73
73,Matteo Gabbia,it ITA,DF,22-314,1,0,8.0,0.1,0.0,0.0,0.0,0.0,0.0,0.0,0.0,0.0,0.0,0.0,0.0,0.0,0.0,0.0,0.0,0.0,0.0,0.0,0.0,0.0,0.0
74,Tiemoué Bakayoko,fr FRA,MF,28-014,0,0,,,,,,,,,,,,,,,,,,,,,,,
75,Antonio Mirante,it ITA,GK,39-054,0,0,,,,,,,,,,,,,,,,,,,,,,,
76,Ciprian Tătărușanu,ro ROU,GK,36-203,0,0,,,,,,,,,,,,,,,,,,,,,,,
77,Giovanni Di Lorenzo,it ITA,DF,29-027,3,3,270.0,3.0,0.0,1.0,0.0,0.0,0.0,1.0,0.0,0.0,0.33,0.33,0.0,0.33,0.2,0.2,0.8,0.9,0.06,0.26,0.31,0.06,0.31
78,Alex Meret,it ITA,GK,25-162,3,3,270.0,3.0,0.0,0.0,0.0,0.0,0.0,0.0,0.0,0.0,0.0,0.0,0.0,0.0,0.0,0.0,0.0,0.0,0.0,0.0,0.0,0.0,0.0
79,Kim Min-jae,kr KOR,DF,25-289,3,3,270.0,3.0,1.0,0.0,1.0,0.0,0.0,1.0,0.0,0.33,0.0,0.33,0.33,0.33,0.4,0.4,0.0,0.4,0.2,0.0,0.2,0.2,0.2
80,Amir Rrahmani,xk KVX,DF,28-188,3,3,270.0,3.0,0.0,0.0,0.0,0.0,0.0,0.0,0.0,0.0,0.0,0.0,0.0,0.0,0.3,0.3,0.1,0.3,0.09,0.02,0.11,0.09,0.11
81,Andre-Frank Zambo Anguissa,cm CMR,MF,26-288,3,3,270.0,3.0,0.0,1.0,0.0,0.0,0.0,1.0,0.0,0.0,0.33,0.33,0.0,0.33,0.4,0.4,0.3,0.7,0.15,0.09,0.23,0.15,0.23
82,Stanislav Lobotka,sk SVK,MF,27-279,3,3,244.0,2.7,1.0,1.0,1.0,0.0,0.0,0.0,0.0,0.37,0.37,0.74,0.37,0.74,0.1,0.1,0.3,0.4,0.05,0.11,0.16,0.05,0.16
83,Victor Osimhen,ng NGA,FW,23-245,3,3,242.0,2.7,2.0,1.0,2.0,0.0,0.0,1.0,0.0,0.74,0.37,1.12,0.74,1.12,2.7,2.7,0.4,3.1,0.99,0.15,1.14,0.99,1.14
84,Mário Rui,pt POR,DF,31-096,3,3,241.0,2.7,0.0,1.0,0.0,0.0,0.0,1.0,0.0,0.0,0.37,0.37,0.0,0.37,0.1,0.1,0.7,0.8,0.03,0.26,0.28,0.03,0.28
85,Piotr Zieliński,pl POL,MF,28-103,3,3,224.0,2.5,1.0,2.0,1.0,0.0,0.0,0.0,0.0,0.4,0.8,1.21,0.4,1.21,0.5,0.5,1.4,1.8,0.18,0.55,0.73,0.18,0.73
86,Hirving Lozano,mx MEX,FW,27-032,3,3,221.0,2.5,0.0,1.0,0.0,0.0,0.0,0.0,0.0,0.0,0.41,0.41,0.0,0.41,0.6,0.6,0.9,1.5,0.24,0.36,0.6,0.24,0.6
87,Khvicha Kvaratskhelia,ge GEO,FW,21-200,3,3,196.0,2.2,3.0,1.0,3.0,0.0,0.0,0.0,0.0,1.38,0.46,1.84,1.38,1.84,0.6,0.6,0.7,1.3,0.28,0.31,0.59,0.28,0.59
88,Elif Elmas,mk MKD,"FW,MF",22-341,3,0,74.0,0.8,0.0,0.0,0.0,0.0,0.0,0.0,0.0,0.0,0.0,0.0,0.0,0.0,0.0,0.0,0.0,0.0,0.0,0.04,0.04,0.0,0.04
89,Matteo Politano,it ITA,FW,29-028,3,0,49.0,0.5,1.0,0.0,1.0,0.0,0.0,0.0,0.0,1.84,0.0,1.84,1.84,1.84,0.2,0.2,0.2,0.5,0.41,0.43,0.84,0.41,0.84
90,Giacomo Raspadori,it ITA,MF,22-194,1,0,30.0,0.3,0.0,0.0,0.0,0.0,0.0,1.0,0.0,0.0,0.0,0.0,0.0,0.0,0.2,0.2,0.0,0.2,0.56,0.0,0.56,0.56,0.56
91,Mathías Olivera,uy URU,DF,24-304,2,0,29.0,0.3,0.0,0.0,0.0,0.0,0.0,0.0,0.0,0.0,0.0,0.0,0.0,0.0,0.0,0.0,0.0,0.0,0.0,0.02,0.02,0.0,0.02
92,Alessio Zerbin,it ITA,FW,23-181,2,0,29.0,0.3,0.0,0.0,0.0,0.0,0.0,0.0,0.0,0.0,0.0,0.0,0.0,0.0,0.0,0.0,0.0,0.0,0.0,0.0,0.0,0.0,0.0
93,Adam Ounas,dz ALG,FW,25-293,2,0,15.0,0.2,0.0,0.0,0.0,0.0,0.0,0.0,0.0,0.0,0.0,0.0,0.0,0.0,0.0,0.0,0.0,0.0,0.19,0.0,0.19,0.19,0.19
94,Tanguy Ndombele,fr FRA,MF,25-246,1,0,13.0,0.1,0.0,0.0,0.0,0.0,0.0,1.0,0.0,0.0,0.0,0.0,0.0,0.0,0.0,0.0,0.0,0.0,0.0,0.0,0.0,0.0,0.0
95,Giovanni Simeone,ar ARG,FW,27-057,1,0,13.0,0.1,0.0,0.0,0.0,0.0,0.0,0.0,0.0,0.0,0.0,0.0,0.0,0.0,0.0,0.0,0.0,0.0,0.0,0.0,0.0,0.0,0.0
96,Diego Demme,de GER,"DF,MF",30-283,0,0,,,,,,,,,,,,,,,,,,,,,,,
97,Gianluca Gaetano,it ITA,MF,22-118,0,0,,,,,,,,,,,,,,,,,,,,,,,
98,Juan Jesus,br BRA,DF,31-082,0,0,,,,,,,,,,,,,,,,,,,,,,,
99,Davide Marfella,it ITA,GK,22-350,0,0,,,,,,,,,,,,,,,,,,,,,,,
100,Salvatore Sirigu,it ITA,GK,35-231,0,0,,,,,,,,,,,,,,,,,,,,,,,
101,Leo Skiri Østigård,no NOR,"DF,FW",22-276,0,0,,,,,,,,,,,,,,,,,,,,,,,
102,Alessandro Zanoli,it ITA,DF,21-332,0,0,,,,,,,,,,,,,,,,,,,,,,,
103,Ciro Immobile,it ITA,FW,32-192,3,3,270.0,3.0,1.0,1.0,1.0,0.0,0.0,2.0,0.0,0.33,0.33,0.67,0.33,0.67,1.1,1.1,0.1,1.2,0.37,0.03,0.41,0.37,0.41
104,Adam Marušić,me MNE,DF,29-318,3,3,270.0,3.0,0.0,0.0,0.0,0.0,0.0,1.0,0.0,0.0,0.0,0.0,0.0,0.0,0.1,0.1,0.1,0.3,0.05,0.04,0.09,0.05,0.09
105,Patric,es ESP,DF,29-136,3,3,270.0,3.0,0.0,0.0,0.0,0.0,0.0,0.0,0.0,0.0,0.0,0.0,0.0,0.0,0.0,0.0,0.0,0.0,0.01,0.0,0.01,0.01,0.01
106,Alessio Romagnoli,it ITA,DF,27-231,3,3,270.0,3.0,0.0,0.0,0.0,0.0,0.0,0.0,0.0,0.0,0.0,0.0,0.0,0.0,0.0,0.0,0.0,0.0,0.01,0.0,0.01,0.01,0.01
107,Sergej Milinković-Savić,rs SRB,MF,27-185,3,3,254.0,2.8,0.0,2.0,0.0,0.0,0.0,1.0,0.0,0.0,0.71,0.71,0.0,0.71,0.4,0.4,0.8,1.1,0.14,0.27,0.4,0.14,0.4
108,Manuel Lazzari,it ITA,DF,28-275,3,3,242.0,2.7,0.0,0.0,0.0,0.0,0.0,2.0,0.0,0.0,0.0,0.0,0.0,0.0,0.0,0.0,0.0,0.0,0.0,0.02,0.02,0.0,0.02
109,Felipe Anderson,br BRA,FW,29-138,3,3,235.0,2.6,1.0,0.0,1.0,0.0,0.0,0.0,0.0,0.38,0.0,0.38,0.38,0.38,0.3,0.3,0.3,0.6,0.1,0.12,0.22,0.1,0.22
110,Mattia Zaccagni,it ITA,FW,27-076,3,3,228.0,2.5,0.0,0.0,0.0,0.0,0.0,1.0,0.0,0.0,0.0,0.0,0.0,0.0,0.1,0.1,0.1,0.2,0.03,0.06,0.09,0.03,0.09
111,Danilo Cataldi,it ITA,MF,28-025,3,3,208.0,2.3,0.0,0.0,0.0,0.0,0.0,1.0,0.0,0.0,0.0,0.0,0.0,0.0,0.0,0.0,0.1,0.1,0.0,0.06,0.06,0.0,0.06
112,Ivan Provedel,it ITA,GK,28-167,3,2,263.0,2.9,0.0,0.0,0.0,0.0,0.0,0.0,0.0,0.0,0.0,0.0,0.0,0.0,0.0,0.0,0.0,0.0,0.0,0.0,0.0,0.0,0.0
113,Matías Vecino,uy URU,MF,31-007,3,2,125.0,1.4,0.0,0.0,0.0,0.0,0.0,0.0,0.0,0.0,0.0,0.0,0.0,0.0,0.0,0.0,0.0,0.0,0.0,0.02,0.02,0.0,0.02
114,Toma Bašić,hr CRO,MF,25-279,2,1,36.0,0.4,0.0,0.0,0.0,0.0,0.0,0.0,0.0,0.0,0.0,0.0,0.0,0.0,0.0,0.0,0.0,0.0,0.11,0.0,0.11,0.11,0.11
115,Luís Maximiano,pt POR,GK,23-238,1,1,5.0,0.1,0.0,0.0,0.0,0.0,0.0,0.0,1.0,0.0,0.0,0.0,0.0,0.0,0.0,0.0,0.0,0.0,0.0,0.0,0.0,0.0,0.0
116,Luis Alberto,es ESP,MF,29-337,3,0,68.0,0.8,1.0,0.0,1.0,0.0,0.0,0.0,0.0,1.32,0.0,1.32,1.32,1.32,0.1,0.1,0.1,0.2,0.15,0.11,0.26,0.15,0.26
117,Pedro,es ESP,FW,35-034,2,0,54.0,0.6,1.0,1.0,1.0,0.0,0.0,0.0,0.0,1.67,1.67,3.33,1.67,3.33,0.0,0.0,0.1,0.1,0.08,0.13,0.22,0.08,0.22
118,Marcos Antônio,br BRA,MF,22-079,2,0,36.0,0.4,0.0,0.0,0.0,0.0,0.0,1.0,0.0,0.0,0.0,0.0,0.0,0.0,0.0,0.0,0.0,0.0,0.0,0.0,0.0,0.0,0.0
119,Elseid Hysaj,al ALB,DF,28-192,2,0,28.0,0.3,0.0,0.0,0.0,0.0,0.0,0.0,0.0,0.0,0.0,0.0,0.0,0.0,0.0,0.0,0.0,0.0,0.0,0.04,0.04,0.0,0.04
120,Matteo Cancellieri,it ITA,FW,20-200,3,0,23.0,0.3,0.0,0.0,0.0,0.0,0.0,0.0,0.0,0.0,0.0,0.0,0.0,0.0,0.0,0.0,0.1,0.1,0.14,0.25,0.39,0.14,0.39
121,Marius Adamonis,lt LTU,GK,25-110,0,0,,,,,,,,,,,,,,,,,,,,,,,
122,Marco Bertini,it ITA,MF,20-024,0,0,,,,,,,,,,,,,,,,,,,,,,,
123,Nicolò Casale,it ITA,DF,24-198,0,0,,,,,,,,,,,,,,,,,,,,,,,
124,Mario Gila,es ESP,DF,22-002,0,0,,,,,,,,,,,,,,,,,,,,,,,
125,Dimitrije Kamenović,rs SRB,DF,22-046,0,0,,,,,,,,,,,,,,,,,,,,,,,
126,Federico Magro,it ITA,GK,17-233,0,0,,,,,,,,,,,,,,,,,,,,,,,
127,Raúl Moro,es ESP,FW,19-269,0,0,,,,,,,,,,,,,,,,,,,,,,,
128,Ștefan Radu,ro ROU,DF,35-313,0,0,,,,,,,,,,,,,,,,,,,,,,,
129,Luka Romero,ar ARG,MF,17-286,0,0,,,,,,,,,,,,,,,,,,,,,,,
130,Teun Koopmeiners,nl NED,MF,24-184,3,3,270.0,3.0,1.0,0.0,1.0,0.0,0.0,1.0,0.0,0.33,0.0,0.33,0.33,0.33,0.1,0.1,0.1,0.2,0.02,0.04,0.06,0.02,0.06
131,Juan Musso,ar ARG,GK,28-117,3,3,270.0,3.0,0.0,0.0,0.0,0.0,0.0,1.0,0.0,0.0,0.0,0.0,0.0,0.0,0.0,0.0,0.1,0.1,0.0,0.03,0.03,0.0,0.03
132,Marten de Roon,nl NED,MF,31-155,3,3,270.0,3.0,0.0,1.0,0.0,0.0,0.0,2.0,0.0,0.0,0.33,0.33,0.0,0.33,0.0,0.0,0.0,0.0,0.0,0.02,0.02,0.0,0.02
133,Rafael Tolói,it ITA,DF,31-325,3,3,251.0,2.8,1.0,0.0,1.0,0.0,0.0,1.0,0.0,0.36,0.0,0.36,0.36,0.36,0.8,0.8,0.1,0.8,0.28,0.02,0.3,0.28,0.3
134,Duván Zapata,co COL,FW,31-152,3,3,250.0,2.8,0.0,0.0,0.0,0.0,0.0,0.0,0.0,0.0,0.0,0.0,0.0,0.0,0.2,0.2,0.0,0.3,0.08,0.02,0.1,0.08,0.1
135,Hans Hateboer,nl NED,DF,28-234,3,3,245.0,2.7,0.0,0.0,0.0,0.0,0.0,2.0,0.0,0.0,0.0,0.0,0.0,0.0,0.1,0.1,1.0,1.1,0.03,0.36,0.39,0.03,0.39
136,Caleb Okoli,it ITA,DF,21-049,3,2,189.0,2.1,0.0,0.0,0.0,0.0,0.0,1.0,0.0,0.0,0.0,0.0,0.0,0.0,0.1,0.1,0.0,0.1,0.04,0.0,0.04,0.04,0.04
137,Merih Demiral,tr TUR,DF,24-179,2,2,180.0,2.0,0.0,0.0,0.0,0.0,0.0,0.0,0.0,0.0,0.0,0.0,0.0,0.0,0.0,0.0,0.0,0.0,0.0,0.0,0.0,0.0,0.0
138,Berat Djimsiti,al ALB,DF,29-193,2,2,171.0,1.9,0.0,0.0,0.0,0.0,0.0,1.0,0.0,0.0,0.0,0.0,0.0,0.0,0.0,0.0,0.0,0.0,0.0,0.0,0.0,0.0,0.0
139,Joakim Mæhle,dk DEN,DF,25-103,3,2,161.0,1.8,0.0,1.0,0.0,0.0,0.0,0.0,0.0,0.0,0.56,0.56,0.0,0.56,0.9,0.9,0.2,1.1,0.53,0.09,0.62,0.53,0.62
140,Mario Pašalić,hr CRO,MF,27-203,2,2,154.0,1.7,0.0,1.0,0.0,0.0,0.0,1.0,0.0,0.0,0.58,0.58,0.0,0.58,0.2,0.2,0.7,0.9,0.1,0.43,0.53,0.1,0.53
141,Ruslan Malinovskyi,ua UKR,"FW,MF",29-119,3,2,145.0,1.6,1.0,1.0,1.0,0.0,0.0,1.0,0.0,0.62,0.62,1.24,0.62,1.24,0.2,0.2,0.6,0.8,0.15,0.36,0.51,0.15,0.51
142,Luis Muriel,co COL,FW,31-137,3,1,125.0,1.4,0.0,0.0,0.0,0.0,0.0,0.0,0.0,0.0,0.0,0.0,0.0,0.0,0.0,0.0,0.2,0.3,0.04,0.18,0.21,0.04,0.21
143,Ademola Lookman,ng NGA,"FW,MF",24-315,3,1,91.0,1.0,1.0,0.0,1.0,0.0,0.0,0.0,0.0,0.99,0.0,0.99,0.99,0.99,0.4,0.4,0.0,0.4,0.4,0.01,0.41,0.4,0.41
144,Brandon Soppy,fr FRA,DF,20-191,1,1,45.0,0.5,0.0,0.0,0.0,0.0,0.0,1.0,0.0,0.0,0.0,0.0,0.0,0.0,0.0,0.0,0.0,0.0,0.02,0.0,0.02,0.02,0.02
145,Nadir Zortea,it ITA,DF,23-073,3,0,46.0,0.5,0.0,0.0,0.0,0.0,0.0,1.0,0.0,0.0,0.0,0.0,0.0,0.0,0.0,0.0,0.0,0.0,0.09,0.0,0.09,0.09,0.09
146,Éderson,br BRA,"MF,FW",23-055,1,0,45.0,0.5,0.0,0.0,0.0,0.0,0.0,0.0,0.0,0.0,0.0,0.0,0.0,0.0,0.2,0.2,0.0,0.2,0.48,0.0,0.48,0.48,0.48
147,Giorgio Scalvini,it ITA,"DF,MF",18-263,2,0,37.0,0.4,0.0,0.0,0.0,0.0,0.0,0.0,0.0,0.0,0.0,0.0,0.0,0.0,0.0,0.0,0.0,0.0,0.0,0.0,0.0,0.0,0.0
148,Jeremie Boga,ci CIV,FW,25-240,1,0,25.0,0.3,0.0,0.0,0.0,0.0,0.0,0.0,0.0,0.0,0.0,0.0,0.0,0.0,0.1,0.1,0.1,0.2,0.22,0.53,0.75,0.22,0.75
149,Rasmus Højlund,dk DEN,FW,19-208,0,0,,,,,,,,,,,,,,,,,,,,,,,
150,Francesco Rossi,it ITA,GK,31-126,0,0,,,,,,,,,,,,,,,,,,,,,,,
151,Matteo Ruggeri,it ITA,DF,20-051,0,0,,,,,,,,,,,,,,,,,,,,,,,
152,Marco Sportiello,it ITA,GK,30-113,0,0,,,,,,,,,,,,,,,,,,,,,,,
153,Vanja Milinković-Savić,rs SRB,GK,25-192,3,3,270.0,3.0,0.0,0.0,0.0,0.0,0.0,0.0,0.0,0.0,0.0,0.0,0.0,0.0,0.0,0.0,0.0,0.0,0.0,0.0,0.0,0.0,0.0
154,Ricardo Rodríguez,ch SUI,DF,30-006,3,3,270.0,3.0,0.0,0.0,0.0,0.0,0.0,0.0,0.0,0.0,0.0,0.0,0.0,0.0,0.1,0.1,0.1,0.2,0.02,0.03,0.06,0.02,0.06
155,Samuele Ricci,it ITA,MF,21-010,3,3,269.0,3.0,0.0,1.0,0.0,0.0,0.0,0.0,0.0,0.0,0.33,0.33,0.0,0.33,0.2,0.2,0.3,0.5,0.08,0.09,0.17,0.08,0.17
156,Nemanja Radonjić,rs SRB,"FW,MF",26-197,3,3,255.0,2.8,1.0,0.0,1.0,0.0,0.0,0.0,0.0,0.35,0.0,0.35,0.35,0.35,1.9,1.9,0.9,2.8,0.67,0.33,1.0,0.67,1.0
157,Karol Linetty,pl POL,MF,27-210,3,3,251.0,2.8,0.0,0.0,0.0,0.0,0.0,1.0,0.0,0.0,0.0,0.0,0.0,0.0,0.6,0.6,0.2,0.7,0.21,0.06,0.26,0.21,0.26
158,Antonio Sanabria,py PAR,FW,26-180,3,3,247.0,2.7,1.0,1.0,1.0,0.0,0.0,0.0,0.0,0.36,0.36,0.73,0.36,0.73,1.3,1.3,0.7,2.0,0.49,0.25,0.74,0.49,0.74
159,Wilfried Singo,ci CIV,DF,21-249,3,3,239.0,2.7,0.0,0.0,0.0,0.0,0.0,1.0,0.0,0.0,0.0,0.0,0.0,0.0,0.6,0.6,0.0,0.6,0.22,0.0,0.22,0.22,0.22
160,Ola Aina,ng NGA,DF,25-327,3,3,235.0,2.6,0.0,0.0,0.0,0.0,0.0,1.0,0.0,0.0,0.0,0.0,0.0,0.0,0.1,0.1,0.4,0.5,0.02,0.16,0.18,0.02,0.18
161,Nikola Vlašić,hr CRO,"FW,MF",24-331,3,2,225.0,2.5,1.0,0.0,1.0,0.0,0.0,0.0,0.0,0.4,0.0,0.4,0.4,0.4,0.7,0.7,0.2,0.9,0.28,0.09,0.37,0.28,0.37
162,Koffi Djidji,ci CIV,DF,29-274,3,2,202.0,2.2,0.0,0.0,0.0,0.0,0.0,0.0,0.0,0.0,0.0,0.0,0.0,0.0,0.0,0.0,0.2,0.2,0.0,0.08,0.08,0.0,0.08
163,Alessandro Buongiorno,it ITA,DF,23-086,2,2,158.0,1.8,0.0,0.0,0.0,0.0,0.0,1.0,0.0,0.0,0.0,0.0,0.0,0.0,0.0,0.0,0.0,0.0,0.0,0.0,0.0,0.0,0.0
164,Perr Schuurs,nl NED,DF,22-278,1,1,90.0,1.0,0.0,0.0,0.0,0.0,0.0,0.0,0.0,0.0,0.0,0.0,0.0,0.0,0.0,0.0,0.0,0.0,0.0,0.0,0.0,0.0,0.0
165,Michel Ndary Adopo,fr FRA,DF,22-043,1,1,69.0,0.8,0.0,0.0,0.0,0.0,0.0,1.0,0.0,0.0,0.0,0.0,0.0,0.0,0.0,0.0,0.0,0.0,0.0,0.0,0.0,0.0,0.0
166,Aleksei Miranchuk,ru RUS,FW,26-318,1,1,45.0,0.5,1.0,0.0,1.0,0.0,0.0,0.0,0.0,2.0,0.0,2.0,2.0,2.0,0.4,0.4,0.2,0.6,0.74,0.48,1.22,0.74,1.22
167,Mërgim Vojvoda,xk KVX,DF,27-211,1,0,35.0,0.4,0.0,1.0,0.0,0.0,0.0,0.0,0.0,0.0,2.57,2.57,0.0,2.57,0.0,0.0,0.8,0.8,0.0,2.1,2.1,0.0,2.1
168,Valentino Lazaro,at AUT,DF,26-160,2,0,31.0,0.3,0.0,0.0,0.0,0.0,0.0,0.0,0.0,0.0,0.0,0.0,0.0,0.0,0.0,0.0,0.0,0.0,0.0,0.0,0.0,0.0,0.0
169,Saša Lukić,rs SRB,MF,26-018,2,0,25.0,0.3,0.0,0.0,0.0,0.0,0.0,0.0,0.0,0.0,0.0,0.0,0.0,0.0,0.0,0.0,0.0,0.0,0.0,0.18,0.18,0.0,0.18
170,Pietro Pellegri,it ITA,FW,21-167,2,0,23.0,0.3,0.0,0.0,0.0,0.0,0.0,0.0,0.0,0.0,0.0,0.0,0.0,0.0,0.0,0.0,0.0,0.0,0.19,0.0,0.19,0.19,0.19
171,Jacopo Segre,it ITA,DF,25-195,1,0,21.0,0.2,0.0,0.0,0.0,0.0,0.0,0.0,0.0,0.0,0.0,0.0,0.0,0.0,0.0,0.0,0.0,0.0,0.0,0.0,0.0,0.0,0.0
172,Demba Seck,sn SEN,MF,21-202,1,0,9.0,0.1,0.0,0.0,0.0,0.0,0.0,0.0,0.0,0.0,0.0,0.0,0.0,0.0,0.0,0.0,0.0,0.0,0.0,0.0,0.0,0.0,0.0
173,Emirhan İlkhan,tr TUR,MF,18-091,1,0,1.0,0.0,0.0,0.0,0.0,0.0,0.0,0.0,0.0,0.0,0.0,0.0,0.0,0.0,0.0,0.0,0.0,0.0,0.0,0.0,0.0,0.0,0.0
174,Brian Bayeye,fr FRA,DF,22-062,0,0,,,,,,,,,,,,,,,,,,,,,,,
175,Etrit Berisha,al ALB,GK,33-174,0,0,,,,,,,,,,,,,,,,,,,,,,,
176,Matt Garbett,nz NZL,MF,20-140,0,0,,,,,,,,,,,,,,,,,,,,,,,
177,Luca Gemello,it ITA,GK,22-059,0,0,,,,,,,,,,,,,,,,,,,,,,,
178,Sebastian Wade,es ESP,DF,19-144,0,0,,,,,,,,,,,,,,,,,,,,,,,
179,Gleison Bremer,br BRA,DF,25-166,3,3,270.0,3.0,0.0,0.0,0.0,0.0,0.0,0.0,0.0,0.0,0.0,0.0,0.0,0.0,0.1,0.1,0.1,0.2,0.04,0.03,0.07,0.04,0.07
180,Danilo,br BRA,DF,31-047,3,3,270.0,3.0,0.0,0.0,0.0,0.0,0.0,0.0,0.0,0.0,0.0,0.0,0.0,0.0,0.0,0.0,0.3,0.3,0.0,0.11,0.11,0.0,0.11
181,Dušan Vlahović,rs SRB,FW,22-215,3,3,265.0,2.9,3.0,0.0,2.0,1.0,1.0,0.0,0.0,1.02,0.0,1.02,0.68,0.68,1.7,0.9,0.1,0.9,0.57,0.02,0.59,0.3,0.32
182,Manuel Locatelli,it ITA,MF,24-235,3,3,243.0,2.7,0.0,0.0,0.0,0.0,0.0,2.0,0.0,0.0,0.0,0.0,0.0,0.0,0.0,0.0,0.1,0.1,0.02,0.02,0.04,0.02,0.04
183,Juan Cuadrado,co COL,"FW,MF",34-097,3,3,212.0,2.4,0.0,0.0,0.0,0.0,0.0,0.0,0.0,0.0,0.0,0.0,0.0,0.0,0.5,0.5,0.0,0.5,0.22,0.01,0.22,0.22,0.22
184,Alex Sandro,br BRA,DF,31-217,3,3,195.0,2.2,0.0,1.0,0.0,0.0,0.0,1.0,0.0,0.0,0.46,0.46,0.0,0.46,0.0,0.0,0.2,0.2,0.01,0.09,0.1,0.01,0.1
185,Filip Kostić,rs SRB,"FW,MF",29-303,3,2,210.0,2.3,0.0,0.0,0.0,0.0,0.0,1.0,0.0,0.0,0.0,0.0,0.0,0.0,0.2,0.2,0.1,0.3,0.1,0.05,0.15,0.1,0.15
186,Mattia Perin,it ITA,GK,29-294,2,2,180.0,2.0,0.0,0.0,0.0,0.0,0.0,0.0,0.0,0.0,0.0,0.0,0.0,0.0,0.0,0.0,0.0,0.0,0.0,0.0,0.0,0.0,0.0
187,Weston McKennie,us USA,MF,24-003,3,2,149.0,1.7,0.0,0.0,0.0,0.0,0.0,0.0,0.0,0.0,0.0,0.0,0.0,0.0,0.0,0.0,0.0,0.0,0.0,0.02,0.02,0.0,0.02
188,Adrien Rabiot,fr FRA,MF,27-150,2,2,147.0,1.6,0.0,0.0,0.0,0.0,0.0,0.0,0.0,0.0,0.0,0.0,0.0,0.0,0.1,0.1,0.1,0.2,0.07,0.06,0.13,0.07,0.13
189,Mattia De Sciglio,it ITA,DF,29-315,3,1,165.0,1.8,0.0,0.0,0.0,0.0,0.0,0.0,0.0,0.0,0.0,0.0,0.0,0.0,0.0,0.0,0.0,0.0,0.02,0.0,0.02,0.02,0.02
190,Fabio Miretti,it ITA,MF,19-028,3,1,131.0,1.5,0.0,0.0,0.0,0.0,0.0,0.0,0.0,0.0,0.0,0.0,0.0,0.0,0.1,0.1,0.2,0.3,0.08,0.16,0.24,0.08,0.24
191,Denis Zakaria,ch SUI,MF,25-284,2,1,123.0,1.4,0.0,0.0,0.0,0.0,0.0,0.0,0.0,0.0,0.0,0.0,0.0,0.0,0.0,0.0,0.0,0.0,0.0,0.0,0.0,0.0,0.0
192,Leonardo Bonucci,it ITA,DF,35-122,1,1,90.0,1.0,0.0,0.0,0.0,0.0,0.0,0.0,0.0,0.0,0.0,0.0,0.0,0.0,0.0,0.0,0.1,0.1,0.0,0.07,0.07,0.0,0.07
193,Daniele Rugani,it ITA,DF,28-033,1,1,90.0,1.0,0.0,0.0,0.0,0.0,0.0,0.0,0.0,0.0,0.0,0.0,0.0,0.0,0.0,0.0,0.0,0.0,0.0,0.0,0.0,0.0,0.0
194,Wojciech Szczęsny,pl POL,GK,32-135,1,1,90.0,1.0,0.0,0.0,0.0,0.0,0.0,0.0,0.0,0.0,0.0,0.0,0.0,0.0,0.0,0.0,0.0,0.0,0.0,0.0,0.0,0.0,0.0
195,Ángel Di María,ar ARG,"MF,FW",34-198,1,1,65.0,0.7,1.0,1.0,1.0,0.0,0.0,0.0,0.0,1.38,1.38,2.77,1.38,2.77,0.1,0.1,0.0,0.1,0.18,0.0,0.18,0.18,0.18
196,Nicolò Rovella,it ITA,MF,20-270,3,0,27.0,0.3,0.0,0.0,0.0,0.0,0.0,1.0,0.0,0.0,0.0,0.0,0.0,0.0,0.1,0.1,0.0,0.1,0.23,0.0,0.23,0.23,0.23
197,Moise Kean,it ITA,FW,22-184,2,0,19.0,0.2,0.0,0.0,0.0,0.0,0.0,0.0,0.0,0.0,0.0,0.0,0.0,0.0,0.1,0.1,0.1,0.2,0.38,0.66,1.04,0.38,1.04
198,Matìas Soulé,ar ARG,MF,19-138,1,0,15.0,0.2,0.0,0.0,0.0,0.0,0.0,0.0,0.0,0.0,0.0,0.0,0.0,0.0,0.1,0.1,0.0,0.1,0.39,0.0,0.39,0.39,0.39
199,Arkadiusz Milik,pl POL,FW,28-184,1,0,14.0,0.2,0.0,0.0,0.0,0.0,0.0,0.0,0.0,0.0,0.0,0.0,0.0,0.0,0.0,0.0,0.0,0.0,0.0,0.0,0.0,0.0,0.0
200,Cosimo Marco Da Graca,it ITA,FW,20-122,0,0,,,,,,,,,,,,,,,,,,,,,,,
201,Nicolò Fagioli,it ITA,MF,21-200,0,0,,,,,,,,,,,,,,,,,,,,,,,
202,Giovanni Garofani,it ITA,GK,19-315,0,0,,,,,,,,,,,,,,,,,,,,,,,
203,Federico Gatti,it ITA,DF,24-068,0,0,,,,,,,,,,,,,,,,,,,,,,,
204,Carlo Pinsoglio,it ITA,GK,32-168,0,0,,,,,,,,,,,,,,,,,,,,,,,
205,Pierluigi Gollini,it ITA,GK,27-166,3,3,270.0,3.0,0.0,0.0,0.0,0.0,0.0,0.0,0.0,0.0,0.0,0.0,0.0,0.0,0.0,0.0,0.0,0.0,0.0,0.0,0.0,0.0,0.0
206,Nikola Milenković,rs SRB,DF,24-323,3,3,270.0,3.0,0.0,0.0,0.0,0.0,0.0,0.0,0.0,0.0,0.0,0.0,0.0,0.0,0.5,0.5,0.0,0.5,0.15,0.01,0.17,0.15,0.17
207,Luka Jović,rs SRB,FW,24-251,3,3,266.0,3.0,1.0,0.0,1.0,0.0,0.0,1.0,0.0,0.34,0.0,0.34,0.34,0.34,0.7,0.7,0.1,0.8,0.22,0.05,0.27,0.22,0.27
208,Giacomo Bonaventura,it ITA,MF,33-009,3,3,248.0,2.8,1.0,0.0,1.0,0.0,0.0,0.0,0.0,0.36,0.0,0.36,0.36,0.36,0.7,0.7,0.1,0.7,0.24,0.03,0.26,0.24,0.26
209,Lucas Martínez Quarta,ar ARG,DF,26-113,3,3,248.0,2.8,0.0,0.0,0.0,0.0,0.0,1.0,0.0,0.0,0.0,0.0,0.0,0.0,0.0,0.0,0.0,0.0,0.01,0.0,0.01,0.01,0.01
210,Riccardo Sottil,it ITA,FW,23-089,3,2,209.0,2.3,0.0,1.0,0.0,0.0,0.0,1.0,0.0,0.0,0.43,0.43,0.0,0.43,0.3,0.3,0.1,0.4,0.14,0.05,0.19,0.14,0.19
211,Dodô,br BRA,DF,23-287,3,2,200.0,2.2,0.0,0.0,0.0,0.0,0.0,0.0,0.0,0.0,0.0,0.0,0.0,0.0,0.0,0.0,0.1,0.1,0.0,0.03,0.03,0.0,0.03
212,Cristiano Biraghi,it ITA,DF,29-364,3,2,174.0,1.9,0.0,0.0,0.0,0.0,0.0,0.0,0.0,0.0,0.0,0.0,0.0,0.0,0.1,0.1,0.8,0.9,0.05,0.4,0.45,0.05,0.45
213,Sofyan Amrabat,ma MAR,MF,26-010,2,2,167.0,1.9,0.0,0.0,0.0,0.0,0.0,0.0,0.0,0.0,0.0,0.0,0.0,0.0,0.0,0.0,0.1,0.1,0.0,0.03,0.03,0.0,0.03
214,Youssef Maleh,it ITA,MF,24-009,3,2,137.0,1.5,0.0,0.0,0.0,0.0,0.0,1.0,0.0,0.0,0.0,0.0,0.0,0.0,0.1,0.1,0.4,0.5,0.06,0.25,0.31,0.06,0.31
215,Jonathan Ikone,fr FRA,FW,24-121,2,2,133.0,1.5,0.0,0.0,0.0,0.0,0.0,1.0,0.0,0.0,0.0,0.0,0.0,0.0,0.4,0.4,0.0,0.4,0.28,0.0,0.28,0.28,0.28
216,Christian Kouamé,ci CIV,FW,24-268,2,1,109.0,1.2,0.0,1.0,0.0,0.0,0.0,0.0,0.0,0.0,0.83,0.83,0.0,0.83,0.1,0.1,0.2,0.3,0.06,0.19,0.25,0.06,0.25
217,Rolando Mandragora,it ITA,MF,25-063,2,1,103.0,1.1,1.0,0.0,1.0,0.0,0.0,0.0,0.0,0.87,0.0,0.87,0.87,0.87,0.1,0.1,0.0,0.1,0.09,0.0,0.09,0.09,0.09
218,Aleksa Terzić,rs SRB,DF,23-014,2,1,96.0,1.1,0.0,0.0,0.0,0.0,0.0,0.0,0.0,0.0,0.0,0.0,0.0,0.0,0.0,0.0,0.4,0.4,0.0,0.35,0.35,0.0,0.35
219,Antonín Barák,cz CZE,MF,27-271,1,1,90.0,1.0,0.0,0.0,0.0,0.0,0.0,0.0,0.0,0.0,0.0,0.0,0.0,0.0,0.1,0.1,0.1,0.2,0.1,0.07,0.16,0.1,0.16
220,Marco Benassi,it ITA,DF,27-357,1,1,70.0,0.8,0.0,0.0,0.0,0.0,0.0,0.0,0.0,0.0,0.0,0.0,0.0,0.0,0.0,0.0,0.1,0.1,0.0,0.09,0.09,0.0,0.09
221,Riccardo Saponara,it ITA,FW,30-253,3,1,69.0,0.8,0.0,0.0,0.0,0.0,0.0,0.0,0.0,0.0,0.0,0.0,0.0,0.0,0.0,0.0,0.2,0.2,0.05,0.2,0.25,0.05,0.25
222,Alfred Duncan,gh GHA,MF,29-174,1,0,45.0,0.5,0.0,0.0,0.0,0.0,0.0,0.0,0.0,0.0,0.0,0.0,0.0,0.0,0.1,0.1,0.0,0.1,0.14,0.07,0.21,0.14,0.21
223,Igor,br BRA,DF,24-205,1,0,22.0,0.2,0.0,0.0,0.0,0.0,0.0,0.0,0.0,0.0,0.0,0.0,0.0,0.0,0.0,0.0,0.0,0.0,0.0,0.0,0.0,0.0,0.0
224,Nicolás González,ar ARG,FW,24-147,2,0,20.0,0.2,0.0,0.0,0.0,0.0,0.0,0.0,0.0,0.0,0.0,0.0,0.0,0.0,0.3,0.3,0.1,0.3,1.18,0.32,1.5,1.18,1.5
225,Szymon Żurkowski,pl POL,MF,24-340,1,0,20.0,0.2,0.0,1.0,0.0,0.0,0.0,0.0,0.0,0.0,4.5,4.5,0.0,4.5,0.1,0.1,0.0,0.1,0.29,0.04,0.32,0.29,0.32
226,Arthur,br BRA,FW,24-128,1,0,4.0,0.0,0.0,0.0,0.0,0.0,0.0,0.0,0.0,0.0,0.0,0.0,0.0,0.0,0.0,0.0,0.0,0.0,1.11,0.0,1.11,1.11,1.11
227,Alessandro Bianco,it ITA,MF,19-334,0,0,,,,,,,,,,,,,,,,,,,,,,,
228,Michele Cerofolini,it ITA,GK,23-239,0,0,,,,,,,,,,,,,,,,,,,,,,,
229,Matija Nastasić,rs SRB,DF,29-156,0,0,,,,,,,,,,,,,,,,,,,,,,,
230,Luca Ranieri,it ITA,DF,23-130,0,0,,,,,,,,,,,,,,,,,,,,,,,
231,Pietro Terracciano,it ITA,GK,32-176,0,0,,,,,,,,,,,,,,,,,,,,,,,
232,Lorenzo Venuti,it ITA,"DF,MF",27-141,0,0,,,,,,,,,,,,,,,,,,,,,,,
233,Andrea Consigli,it ITA,GK,35-216,4,4,360.0,4.0,0.0,0.0,0.0,0.0,0.0,0.0,0.0,0.0,0.0,0.0,0.0,0.0,0.0,0.0,0.0,0.0,0.0,0.0,0.0,0.0,0.0
234,Gian Marco Ferrari,it ITA,DF,30-197,4,4,360.0,4.0,0.0,0.0,0.0,0.0,0.0,3.0,0.0,0.0,0.0,0.0,0.0,0.0,0.3,0.3,0.1,0.3,0.06,0.02,0.08,0.06,0.08
235,Rogério,br BRA,DF,24-230,4,4,360.0,4.0,0.0,0.0,0.0,0.0,0.0,1.0,0.0,0.0,0.0,0.0,0.0,0.0,0.0,0.0,0.3,0.3,0.01,0.07,0.08,0.01,0.08
236,Domenico Berardi,it ITA,FW,28-030,4,4,321.0,3.6,1.0,0.0,1.0,0.0,1.0,1.0,0.0,0.28,0.0,0.28,0.28,0.28,1.2,0.4,0.6,1.0,0.33,0.18,0.51,0.11,0.29
237,Giorgos Kyriakopoulos,gr GRE,FW,26-207,4,4,306.0,3.4,0.0,1.0,0.0,0.0,0.0,0.0,0.0,0.0,0.29,0.29,0.0,0.29,0.2,0.2,0.7,0.9,0.05,0.21,0.26,0.05,0.26
238,Davide Frattesi,it ITA,MF,22-313,4,4,293.0,3.3,1.0,0.0,1.0,0.0,0.0,2.0,0.0,0.31,0.0,0.31,0.31,0.31,1.0,1.0,0.1,1.1,0.31,0.02,0.33,0.31,0.33
239,Jeremy Toljan,de GER,DF,28-023,4,3,354.0,3.9,0.0,1.0,0.0,0.0,0.0,1.0,0.0,0.0,0.25,0.25,0.0,0.25,0.0,0.0,0.8,0.8,0.01,0.19,0.2,0.01,0.2
240,Martin Erlic,hr CRO,DF,24-219,3,3,270.0,3.0,0.0,0.0,0.0,0.0,0.0,0.0,0.0,0.0,0.0,0.0,0.0,0.0,0.0,0.0,0.0,0.0,0.0,0.0,0.0,0.0,0.0
241,Maxime Lopez,fr FRA,MF,24-270,3,3,270.0,3.0,0.0,0.0,0.0,0.0,0.0,1.0,0.0,0.0,0.0,0.0,0.0,0.0,0.0,0.0,0.4,0.4,0.0,0.13,0.13,0.0,0.13
242,Matheus Henrique,br BRA,MF,24-255,4,3,264.0,2.9,0.0,0.0,0.0,0.0,0.0,2.0,0.0,0.0,0.0,0.0,0.0,0.0,0.4,0.4,0.2,0.6,0.15,0.06,0.2,0.15,0.2
243,Andrea Pinamonti,it ITA,FW,23-104,4,3,253.0,2.8,1.0,0.0,1.0,0.0,0.0,0.0,0.0,0.36,0.0,0.36,0.36,0.36,1.0,1.0,0.2,1.2,0.36,0.07,0.43,0.36,0.43
244,Kristian Thorstvedt,no NOR,MF,23-171,4,2,198.0,2.2,0.0,0.0,0.0,0.0,0.0,1.0,0.0,0.0,0.0,0.0,0.0,0.0,0.5,0.5,0.6,1.1,0.21,0.27,0.48,0.21,0.48
245,Grégoire Defrel,mq MTQ,FW,31-075,4,1,126.0,1.4,0.0,0.0,0.0,0.0,0.0,1.0,0.0,0.0,0.0,0.0,0.0,0.0,1.3,1.3,0.0,1.3,0.94,0.03,0.96,0.94,0.96
246,Kaan Ayhan,tr TUR,DF,27-294,2,1,91.0,1.0,0.0,0.0,0.0,0.0,0.0,0.0,0.0,0.0,0.0,0.0,0.0,0.0,0.0,0.0,0.0,0.0,0.01,0.0,0.01,0.01,0.01
247,Mert Müldür,tr TUR,DF,23-150,1,1,6.0,0.1,0.0,0.0,0.0,0.0,0.0,0.0,0.0,0.0,0.0,0.0,0.0,0.0,0.0,0.0,0.0,0.0,0.0,0.0,0.0,0.0,0.0
248,Giacomo Raspadori,it ITA,"FW,MF",22-194,1,0,45.0,0.5,0.0,0.0,0.0,0.0,0.0,0.0,0.0,0.0,0.0,0.0,0.0,0.0,0.0,0.0,0.0,0.0,0.0,0.0,0.0,0.0,0.0
249,Abdou Harroui,nl NED,MF,24-230,3,0,44.0,0.5,0.0,0.0,0.0,0.0,0.0,0.0,0.0,0.0,0.0,0.0,0.0,0.0,0.0,0.0,0.0,0.0,0.0,0.0,0.0,0.0,0.0
250,Emil Ceide,no NOR,FW,20-362,2,0,25.0,0.3,0.0,0.0,0.0,0.0,0.0,0.0,0.0,0.0,0.0,0.0,0.0,0.0,0.0,0.0,0.3,0.3,0.0,1.12,1.12,0.0,1.12
251,Agustín Álvarez Martínez,uy URU,FW,21-104,1,0,7.0,0.1,0.0,0.0,0.0,0.0,0.0,1.0,0.0,0.0,0.0,0.0,0.0,0.0,0.0,0.0,0.0,0.0,0.0,0.0,0.0,0.0,0.0
252,Riccardo Marchizza,it ITA,DF,24-158,1,0,7.0,0.1,0.0,0.0,0.0,0.0,0.0,0.0,0.0,0.0,0.0,0.0,0.0,0.0,0.0,0.0,0.0,0.0,0.0,0.0,0.0,0.0,0.0
253,Luca D'Andrea,it ITA,MF,17-359,0,0,,,,,,,,,,,,,,,,,,,,,,,
254,Pedro Obiang,gq EQG,MF,30-157,0,0,,,,,,,,,,,,,,,,,,,,,,,
255,Gianluca Pegolo,it ITA,GK,41-159,0,0,,,,,,,,,,,,,,,,,,,,,,,
256,Ruan,br BRA,DF,23-085,0,0,,,,,,,,,,,,,,,,,,,,,,,
257,Alessandro Russo,it ITA,GK,21-153,0,0,,,,,,,,,,,,,,,,,,,,,,,
258,Dylan Bronn,tn TUN,DF,27-073,3,3,270.0,3.0,0.0,0.0,0.0,0.0,0.0,1.0,0.0,0.0,0.0,0.0,0.0,0.0,0.3,0.3,0.0,0.3,0.1,0.01,0.11,0.1,0.11
259,Federico Fazio,ar ARG,DF,35-167,3,3,270.0,3.0,0.0,0.0,0.0,0.0,0.0,0.0,0.0,0.0,0.0,0.0,0.0,0.0,0.3,0.3,0.0,0.3,0.11,0.0,0.11,0.11,0.11
260,Luigi Sepe,it ITA,GK,31-115,3,3,270.0,3.0,0.0,0.0,0.0,0.0,0.0,0.0,0.0,0.0,0.0,0.0,0.0,0.0,0.0,0.0,0.0,0.0,0.0,0.0,0.0,0.0,0.0
261,Tonny Vilhena,nl NED,"MF,DF",27-240,3,3,270.0,3.0,1.0,0.0,1.0,0.0,0.0,0.0,0.0,0.33,0.0,0.33,0.33,0.33,0.5,0.5,0.3,0.9,0.18,0.11,0.29,0.18,0.29
262,Norbert Gyömbér,sk SVK,DF,30-059,3,3,260.0,2.9,0.0,0.0,0.0,0.0,0.0,2.0,0.0,0.0,0.0,0.0,0.0,0.0,0.0,0.0,0.0,0.0,0.0,0.0,0.0,0.0,0.0
263,Antonio Candreva,it ITA,"DF,MF",35-184,3,3,255.0,2.8,0.0,0.0,0.0,0.0,0.0,0.0,0.0,0.0,0.0,0.0,0.0,0.0,0.2,0.2,0.3,0.5,0.07,0.12,0.18,0.07,0.18
264,Federico Bonazzoli,it ITA,FW,25-102,3,3,244.0,2.7,1.0,0.0,1.0,0.0,0.0,1.0,0.0,0.37,0.0,0.37,0.37,0.37,1.1,1.1,0.0,1.1,0.4,0.01,0.41,0.4,0.41
265,Pasquale Mazzocchi,it ITA,DF,27-035,3,3,196.0,2.2,0.0,0.0,0.0,0.0,0.0,1.0,0.0,0.0,0.0,0.0,0.0,0.0,0.0,0.0,0.3,0.3,0.01,0.13,0.14,0.01,0.14
266,Giulio Maggiore,it ITA,MF,24-172,2,2,180.0,2.0,0.0,0.0,0.0,0.0,0.0,0.0,0.0,0.0,0.0,0.0,0.0,0.0,0.1,0.1,0.0,0.1,0.06,0.0,0.06,0.06,0.06
267,Lassana Coulibaly,ml MLI,MF,26-143,2,2,162.0,1.8,0.0,1.0,0.0,0.0,0.0,1.0,0.0,0.0,0.56,0.56,0.0,0.56,0.0,0.0,0.4,0.4,0.0,0.22,0.22,0.0,0.22
268,Erik Botheim,no NOR,FW,22-233,3,2,132.0,1.5,1.0,0.0,1.0,0.0,0.0,1.0,0.0,0.68,0.0,0.68,0.68,0.68,0.2,0.2,0.0,0.2,0.17,0.0,0.17,0.17,0.17
269,Boulaye Dia,sn SEN,FW,25-288,2,1,122.0,1.4,1.0,2.0,1.0,0.0,0.0,0.0,0.0,0.74,1.48,2.21,0.74,2.21,0.8,0.8,0.4,1.2,0.61,0.28,0.89,0.61,0.89
270,Grigoris Kastanos,cy CYP,MF,24-213,2,1,98.0,1.1,0.0,0.0,0.0,0.0,0.0,1.0,0.0,0.0,0.0,0.0,0.0,0.0,0.0,0.0,0.0,0.1,0.03,0.04,0.07,0.03,0.07
271,Ivan Radovanović,rs SRB,MF,34-002,1,1,45.0,0.5,0.0,0.0,0.0,0.0,0.0,0.0,0.0,0.0,0.0,0.0,0.0,0.0,0.0,0.0,0.0,0.0,0.0,0.0,0.0,0.0,0.0
272,Domagoj Bradarić,hr CRO,DF,22-264,1,0,45.0,0.5,0.0,0.0,0.0,0.0,0.0,1.0,0.0,0.0,0.0,0.0,0.0,0.0,0.0,0.0,0.0,0.0,0.0,0.0,0.0,0.0,0.0
273,Diego Valencia,cl CHI,"FW,DF",22-229,3,0,44.0,0.5,0.0,0.0,0.0,0.0,0.0,0.0,0.0,0.0,0.0,0.0,0.0,0.0,0.0,0.0,0.0,0.0,0.0,0.0,0.0,0.0,0.0
274,Junior Sambia,fr FRA,"DF,MF",25-358,2,0,42.0,0.5,0.0,0.0,0.0,0.0,0.0,0.0,0.0,0.0,0.0,0.0,0.0,0.0,0.0,0.0,0.0,0.0,0.0,0.0,0.0,0.0,0.0
275,Franck Ribéry,fr FRA,MF,39-146,1,0,37.0,0.4,0.0,0.0,0.0,0.0,0.0,0.0,0.0,0.0,0.0,0.0,0.0,0.0,0.0,0.0,0.0,0.0,0.0,0.0,0.0,0.0,0.0
276,Julian Kristoffersen,no NOR,FW,25-113,1,0,18.0,0.2,0.0,0.0,0.0,0.0,0.0,0.0,0.0,0.0,0.0,0.0,0.0,0.0,0.0,0.0,0.0,0.0,0.0,0.0,0.0,0.0,0.0
277,Lorenzo Pirola,it ITA,DF,20-192,1,0,10.0,0.1,0.0,0.0,0.0,0.0,0.0,0.0,0.0,0.0,0.0,0.0,0.0,0.0,0.0,0.0,0.0,0.0,0.0,0.0,0.0,0.0,0.0
278,Reda Boultam,nl NED,MF,24-181,0,0,,,,,,,,,,,,,,,,,,,,,,,
279,Leonardo Capezzi,it ITA,MF,27-156,0,0,,,,,,,,,,,,,,,,,,,,,,,
280,Vincenzo Fiorillo,it ITA,GK,32-230,0,0,,,,,,,,,,,,,,,,,,,,,,,
281,Antonio Iervolino,it ITA,MF,19-242,0,0,,,,,,,,,,,,,,,,,,,,,,,
282,Paweł Jaroszyński,pl POL,"DF,MF",27-333,0,0,,,,,,,,,,,,,,,,,,,,,,,
283,Wajdi Kechrida,tn TUN,DF,26-299,0,0,,,,,,,,,,,,,,,,,,,,,,,
284,Alessandro Micai,it ITA,GK,29-038,0,0,,,,,,,,,,,,,,,,,,,,,,,
285,Andrei Motoc,ro ROU,MF,20-140,0,0,,,,,,,,,,,,,,,,,,,,,,,
286,Andrea Sorrentino,it ITA,GK,17-314,0,0,,,,,,,,,,,,,,,,,,,,,,,
287,Freddie Veseli,al ALB,DF,29-284,0,0,,,,,,,,,,,,,,,,,,,,,,,
288,Rodrigo Becão,br BRA,DF,26-224,3,3,270.0,3.0,1.0,1.0,1.0,0.0,0.0,1.0,0.0,0.33,0.33,0.67,0.33,0.67,0.2,0.2,0.5,0.7,0.07,0.15,0.22,0.07,0.22
289,Roberto Pereyra,ar ARG,"MF,DF",31-236,3,3,270.0,3.0,0.0,1.0,0.0,0.0,0.0,0.0,0.0,0.0,0.33,0.33,0.0,0.33,0.2,0.2,0.6,0.9,0.08,0.21,0.29,0.08,0.29
290,Marco Silvestri,it ITA,GK,31-182,3,3,270.0,3.0,0.0,0.0,0.0,0.0,0.0,0.0,0.0,0.0,0.0,0.0,0.0,0.0,0.0,0.0,0.0,0.0,0.0,0.0,0.0,0.0,0.0
291,Adam Masina,ma MAR,DF,28-241,3,3,262.0,2.9,1.0,0.0,1.0,0.0,0.0,0.0,0.0,0.34,0.0,0.34,0.34,0.34,0.1,0.1,0.1,0.2,0.04,0.04,0.08,0.04,0.08
292,Walace,br BRA,MF,27-149,3,3,255.0,2.8,0.0,0.0,0.0,0.0,0.0,1.0,0.0,0.0,0.0,0.0,0.0,0.0,0.0,0.0,0.0,0.1,0.02,0.0,0.02,0.02,0.02
293,Gerard Deulofeu,es ESP,FW,28-171,3,3,236.0,2.6,0.0,1.0,0.0,0.0,0.0,0.0,0.0,0.0,0.38,0.38,0.0,0.38,1.4,1.4,0.6,2.0,0.55,0.22,0.77,0.55,0.77
294,Jean-Victor Makengo,fr FRA,MF,24-080,3,3,200.0,2.2,0.0,0.0,0.0,0.0,0.0,1.0,0.0,0.0,0.0,0.0,0.0,0.0,0.1,0.1,0.2,0.3,0.02,0.1,0.12,0.02,0.12
295,Bram Nuytinck,nl NED,DF,32-119,3,2,247.0,2.7,0.0,0.0,0.0,0.0,0.0,0.0,0.0,0.0,0.0,0.0,0.0,0.0,0.0,0.0,0.0,0.0,0.02,0.0,0.02,0.02,0.02
296,Iyenoma Udogie,it ITA,DF,19-276,2,2,170.0,1.9,1.0,0.0,1.0,0.0,0.0,1.0,0.0,0.53,0.0,0.53,0.53,0.53,0.3,0.3,0.1,0.4,0.17,0.03,0.21,0.17,0.21
297,Isaac Success,ng NGA,FW,26-236,3,2,155.0,1.7,0.0,0.0,0.0,0.0,0.0,0.0,0.0,0.0,0.0,0.0,0.0,0.0,0.1,0.1,0.1,0.2,0.03,0.06,0.09,0.03,0.09
298,Nehuén Pérez,ar ARG,DF,22-068,2,2,109.0,1.2,0.0,0.0,0.0,0.0,0.0,1.0,1.0,0.0,0.0,0.0,0.0,0.0,0.0,0.0,0.0,0.0,0.0,0.0,0.0,0.0,0.0
299,Sandi Lovrić,si SVN,MF,24-156,3,1,128.0,1.4,0.0,0.0,0.0,0.0,0.0,0.0,0.0,0.0,0.0,0.0,0.0,0.0,0.2,0.2,0.1,0.3,0.13,0.07,0.2,0.13,0.2
300,Beto,gw GNB,FW,24-212,3,1,115.0,1.3,1.0,0.0,1.0,0.0,0.0,0.0,0.0,0.78,0.0,0.78,0.78,0.78,0.5,0.5,0.3,0.8,0.41,0.2,0.62,0.41,0.62
301,Brandon Soppy,fr FRA,DF,20-191,1,1,90.0,1.0,0.0,0.0,0.0,0.0,0.0,1.0,0.0,0.0,0.0,0.0,0.0,0.0,0.1,0.1,0.1,0.2,0.12,0.09,0.21,0.12,0.21
302,Jaka Bijol,si SVN,DF,23-207,1,1,23.0,0.3,0.0,0.0,0.0,0.0,0.0,0.0,0.0,0.0,0.0,0.0,0.0,0.0,0.0,0.0,0.0,0.0,0.0,0.0,0.0,0.0,0.0
303,Enzo Ebosse,cm CMR,DF,23-173,2,0,35.0,0.4,0.0,0.0,0.0,0.0,0.0,0.0,0.0,0.0,0.0,0.0,0.0,0.0,0.0,0.0,0.0,0.0,0.0,0.0,0.0,0.0,0.0
304,Tolgay Arslan,de GER,MF,32-015,2,0,33.0,0.4,0.0,0.0,0.0,0.0,0.0,0.0,0.0,0.0,0.0,0.0,0.0,0.0,0.0,0.0,0.0,0.0,0.0,0.0,0.0,0.0,0.0
305,Lazar Samardzic,de GER,MF,20-188,2,0,25.0,0.3,0.0,0.0,0.0,0.0,0.0,0.0,0.0,0.0,0.0,0.0,0.0,0.0,0.1,0.1,0.0,0.1,0.18,0.0,0.18,0.18,0.18
306,Ilija Nestorovski,mk MKD,FW,32-172,1,0,23.0,0.3,0.0,1.0,0.0,0.0,0.0,1.0,0.0,0.0,3.91,3.91,0.0,3.91,0.0,0.0,0.2,0.2,0.0,0.89,0.89,0.0,0.89
307,Festy Ebosele,ie IRL,DF,20-029,1,0,8.0,0.1,0.0,0.0,0.0,0.0,0.0,1.0,0.0,0.0,0.0,0.0,0.0,0.0,0.0,0.0,0.0,0.0,0.0,0.0,0.0,0.0,0.0
308,James Abankwah,ie IRL,DF,18-227,0,0,,,,,,,,,,,,,,,,,,,,,,,
309,Filip Benković,hr CRO,DF,25-049,0,0,,,,,,,,,,,,,,,,,,,,,,,
310,Axel Guessand,fr FRA,DF,17-298,0,0,,,,,,,,,,,,,,,,,,,,,,,
311,Mato Jajalo,ba BIH,MF,34-098,0,0,,,,,,,,,,,,,,,,,,,,,,,
312,Daniele Padelli,it ITA,GK,36-310,0,0,,,,,,,,,,,,,,,,,,,,,,,
313,Simone Pafundi,it ITA,MF,16-170,0,0,,,,,,,,,,,,,,,,,,,,,,,
314,Martin Palumbo,no NOR,MF,20-179,0,0,,,,,,,,,,,,,,,,,,,,,,,
315,Edoardo Piana,it ITA,GK,18-336,0,0,,,,,,,,,,,,,,,,,,,,,,,
316,Bartłomiej Drągowski,pl POL,GK,25-012,3,3,270.0,3.0,0.0,0.0,0.0,0.0,0.0,0.0,0.0,0.0,0.0,0.0,0.0,0.0,0.0,0.0,0.0,0.0,0.0,0.0,0.0,0.0,0.0
317,Jakub Kiwior,pl POL,DF,22-197,3,3,270.0,3.0,0.0,0.0,0.0,0.0,0.0,0.0,0.0,0.0,0.0,0.0,0.0,0.0,0.0,0.0,0.0,0.0,0.0,0.0,0.0,0.0,0.0
318,Dimitris Nikolaou,gr GRE,DF,24-018,3,3,270.0,3.0,0.0,0.0,0.0,0.0,0.0,0.0,0.0,0.0,0.0,0.0,0.0,0.0,0.0,0.0,0.0,0.0,0.0,0.0,0.0,0.0,0.0
319,M'Bala Nzola,ao ANG,FW,26-013,3,3,270.0,3.0,2.0,0.0,1.0,1.0,1.0,0.0,0.0,0.67,0.0,0.67,0.33,0.33,1.1,0.3,0.0,0.3,0.37,0.0,0.37,0.11,0.11
320,Arkadiusz Reca,pl POL,DF,27-075,3,3,254.0,2.8,0.0,0.0,0.0,0.0,0.0,1.0,0.0,0.0,0.0,0.0,0.0,0.0,0.1,0.1,0.2,0.3,0.03,0.08,0.11,0.03,0.11
321,Emmanuel Gyasi,gh GHA,DF,28-232,3,3,253.0,2.8,0.0,0.0,0.0,0.0,0.0,1.0,0.0,0.0,0.0,0.0,0.0,0.0,0.1,0.1,0.1,0.2,0.03,0.03,0.05,0.03,0.05
322,Simone Bastoni,it ITA,MF,25-299,3,3,245.0,2.7,1.0,1.0,1.0,0.0,0.0,0.0,0.0,0.37,0.37,0.73,0.37,0.73,0.1,0.1,0.6,0.7,0.05,0.22,0.27,0.05,0.27
323,Mehdi Bourabia,ma MAR,MF,31-024,3,3,244.0,2.7,0.0,0.0,0.0,0.0,0.0,0.0,0.0,0.0,0.0,0.0,0.0,0.0,0.0,0.0,0.1,0.1,0.01,0.03,0.03,0.01,0.03
324,Kevin Agudelo,co COL,"MF,FW",23-290,3,3,243.0,2.7,0.0,0.0,0.0,0.0,0.0,0.0,0.0,0.0,0.0,0.0,0.0,0.0,0.1,0.1,0.0,0.1,0.05,0.0,0.05,0.05,0.05
325,Mattia Caldara,it ITA,DF,28-118,3,2,201.0,2.2,0.0,0.0,0.0,0.0,0.0,0.0,0.0,0.0,0.0,0.0,0.0,0.0,0.2,0.2,0.0,0.2,0.1,0.0,0.1,0.1,0.1
326,Dávid Strelec,sk SVK,FW,21-149,3,1,97.0,1.1,0.0,0.0,0.0,0.0,0.0,0.0,0.0,0.0,0.0,0.0,0.0,0.0,0.6,0.6,0.0,0.6,0.52,0.0,0.52,0.52,0.52
327,Daniele Verde,it ITA,"FW,MF",26-072,2,1,85.0,0.9,0.0,0.0,0.0,0.0,0.0,0.0,0.0,0.0,0.0,0.0,0.0,0.0,0.0,0.0,0.1,0.1,0.0,0.07,0.07,0.0,0.07
328,Jacopo Sala,it ITA,MF,30-269,3,1,80.0,0.9,0.0,0.0,0.0,0.0,0.0,0.0,0.0,0.0,0.0,0.0,0.0,0.0,0.0,0.0,0.0,0.0,0.0,0.0,0.0,0.0,0.0
329,Petko Hristov,bg BUL,DF,23-183,2,1,69.0,0.8,0.0,0.0,0.0,0.0,0.0,0.0,0.0,0.0,0.0,0.0,0.0,0.0,0.1,0.1,0.0,0.1,0.11,0.0,0.11,0.11,0.11
330,Albin Ekdal,se SWE,MF,33-034,2,0,46.0,0.5,0.0,0.0,0.0,0.0,0.0,2.0,1.0,0.0,0.0,0.0,0.0,0.0,0.0,0.0,0.0,0.0,0.0,0.0,0.0,0.0,0.0
331,Viktor Kovalenko,ua UKR,MF,26-198,2,0,45.0,0.5,0.0,0.0,0.0,0.0,0.0,0.0,0.0,0.0,0.0,0.0,0.0,0.0,0.0,0.0,0.0,0.0,0.0,0.0,0.0,0.0,0.0
332,Emil Holm,se SWE,DF,22-110,2,0,17.0,0.2,0.0,0.0,0.0,0.0,0.0,0.0,0.0,0.0,0.0,0.0,0.0,0.0,0.0,0.0,0.0,0.0,0.0,0.0,0.0,0.0,0.0
333,Mikael Ellertsson,is ISL,MF,20-173,2,0,2.0,0.0,0.0,0.0,0.0,0.0,0.0,0.0,0.0,0.0,0.0,0.0,0.0,0.0,0.0,0.0,0.0,0.0,0.0,0.0,0.0,0.0,0.0
334,Julius Beck,dk DEN,MF,17-126,0,0,,,,,,,,,,,,,,,,,,,,,,,
335,Nicolò Bertola,it ITA,DF,19-161,0,0,,,,,,,,,,,,,,,,,,,,,,,
336,Elio Capradossi,it ITA,DF,26-173,0,0,,,,,,,,,,,,,,,,,,,,,,,
337,Emil Kornvig,dk DEN,MF,22-125,0,0,,,,,,,,,,,,,,,,,,,,,,,
338,Daniel Maldini,it ITA,MF,20-324,0,0,,,,,,,,,,,,,,,,,,,,,,,
339,Suf Podgoreanu,il ISR,FW,20-223,0,0,,,,,,,,,,,,,,,,,,,,,,,
340,Leandro Sanca,pt POR,FW,22-239,0,0,,,,,,,,,,,,,,,,,,,,,,,
341,Jeroen Zoet,nl NED,GK,31-237,0,0,,,,,,,,,,,,,,,,,,,,,,,
342,Petar Zovko,ba BIH,GK,20-159,0,0,,,,,,,,,,,,,,,,,,,,,,,
343,Ardian Ismajli,al ALB,DF,25-335,3,3,270.0,3.0,0.0,0.0,0.0,0.0,0.0,0.0,0.0,0.0,0.0,0.0,0.0,0.0,0.1,0.1,0.0,0.1,0.03,0.0,0.03,0.03,0.03
344,Răzvan Marin,ro ROU,MF,26-100,3,3,270.0,3.0,0.0,0.0,0.0,0.0,0.0,1.0,0.0,0.0,0.0,0.0,0.0,0.0,0.1,0.1,0.1,0.2,0.03,0.04,0.07,0.03,0.07
345,Fabiano Parisi,it ITA,DF,21-295,3,3,270.0,3.0,1.0,0.0,1.0,0.0,0.0,0.0,0.0,0.33,0.0,0.33,0.33,0.33,0.1,0.1,0.4,0.5,0.02,0.14,0.17,0.02,0.17
346,Guglielmo Vicario,it ITA,GK,25-328,3,3,270.0,3.0,0.0,0.0,0.0,0.0,0.0,0.0,0.0,0.0,0.0,0.0,0.0,0.0,0.0,0.0,0.0,0.0,0.0,0.0,0.0,0.0,0.0
347,Petar Stojanović,si SVN,DF,26-328,3,3,244.0,2.7,0.0,0.0,0.0,0.0,0.0,1.0,0.0,0.0,0.0,0.0,0.0,0.0,0.1,0.1,0.1,0.1,0.02,0.03,0.05,0.02,0.05
348,Liam Henderson,sct SCO,MF,26-128,3,3,210.0,2.3,0.0,0.0,0.0,0.0,0.0,1.0,0.0,0.0,0.0,0.0,0.0,0.0,0.1,0.1,0.5,0.6,0.05,0.22,0.27,0.05,0.27
349,Sam Lammers,nl NED,FW,25-123,3,3,207.0,2.3,0.0,0.0,0.0,0.0,0.0,0.0,0.0,0.0,0.0,0.0,0.0,0.0,0.7,0.7,0.2,1.0,0.32,0.1,0.42,0.32,0.42
350,Filippo Bandinelli,it ITA,MF,27-155,3,3,204.0,2.3,0.0,0.0,0.0,0.0,0.0,1.0,0.0,0.0,0.0,0.0,0.0,0.0,0.0,0.0,0.5,0.5,0.0,0.21,0.21,0.0,0.21
351,Nedim Bajrami,al ALB,"MF,FW",23-184,3,2,191.0,2.1,0.0,0.0,0.0,0.0,0.0,0.0,0.0,0.0,0.0,0.0,0.0,0.0,0.1,0.1,0.1,0.3,0.07,0.06,0.13,0.07,0.13
352,Sebastiano Luperto,it ITA,DF,25-359,2,2,156.0,1.7,0.0,0.0,0.0,0.0,0.0,0.0,1.0,0.0,0.0,0.0,0.0,0.0,0.0,0.0,0.1,0.1,0.0,0.04,0.04,0.0,0.04
353,Mattia Destro,it ITA,FW,31-164,3,2,155.0,1.7,0.0,0.0,0.0,0.0,0.0,0.0,0.0,0.0,0.0,0.0,0.0,0.0,1.0,1.0,0.0,1.0,0.59,0.02,0.61,0.59,0.61
354,Martin Satriano,it ITA,FW,21-192,3,1,115.0,1.3,0.0,0.0,0.0,0.0,0.0,0.0,0.0,0.0,0.0,0.0,0.0,0.0,0.0,0.0,0.0,0.0,0.03,0.0,0.03,0.03,0.03
355,Koni De Winter,be BEL,DF,20-080,2,1,114.0,1.3,0.0,0.0,0.0,0.0,0.0,0.0,0.0,0.0,0.0,0.0,0.0,0.0,0.0,0.0,0.0,0.0,0.0,0.0,0.0,0.0,0.0
356,Tommaso Baldanzi,it ITA,MF,19-161,1,1,90.0,1.0,0.0,0.0,0.0,0.0,0.0,0.0,0.0,0.0,0.0,0.0,0.0,0.0,0.1,0.1,0.0,0.1,0.08,0.04,0.12,0.08,0.12
357,Nicolò Cambiaghi,it ITA,"MF,FW",21-246,2,0,65.0,0.7,0.0,0.0,0.0,0.0,0.0,0.0,0.0,0.0,0.0,0.0,0.0,0.0,0.0,0.0,0.0,0.0,0.04,0.0,0.04,0.04,0.04
358,Nicolas Haas,ch SUI,MF,26-220,2,0,63.0,0.7,0.0,0.0,0.0,0.0,0.0,0.0,0.0,0.0,0.0,0.0,0.0,0.0,0.0,0.0,0.0,0.0,0.0,0.0,0.0,0.0,0.0
359,Tyronne Ebuehi,ng NGA,DF,26-258,1,0,26.0,0.3,0.0,0.0,0.0,0.0,0.0,0.0,0.0,0.0,0.0,0.0,0.0,0.0,0.0,0.0,0.0,0.0,0.0,0.0,0.0,0.0,0.0
360,Alberto Grassi,it ITA,MF,27-177,2,0,23.0,0.3,0.0,0.0,0.0,0.0,0.0,0.0,0.0,0.0,0.0,0.0,0.0,0.0,0.0,0.0,0.0,0.0,0.0,0.0,0.0,0.0,0.0
361,Jacopo Fazzini,it ITA,MF,19-168,1,0,3.0,0.0,0.0,0.0,0.0,0.0,0.0,0.0,0.0,0.0,0.0,0.0,0.0,0.0,0.0,0.0,0.0,0.0,0.0,0.0,0.0,0.0,0.0
362,Liberato Cacace,nz NZL,"DF,MF",21-338,0,0,,,,,,,,,,,,,,,,,,,,,,,
363,Giovanni Crociata,it ITA,MF,25-020,0,0,,,,,,,,,,,,,,,,,,,,,,,
364,Duccio Degli Innocenti,it ITA,MF,19-125,0,0,,,,,,,,,,,,,,,,,,,,,,,
365,Emmanuel Ekong,se SWE,FW,20-067,0,0,,,,,,,,,,,,,,,,,,,,,,,
366,Gabriele Guarino,it ITA,DF,18-139,0,0,,,,,,,,,,,,,,,,,,,,,,,
367,Gabriele Indragoli,it ITA,DF,18-192,0,0,,,,,,,,,,,,,,,,,,,,,,,
368,Gian Marco Fantoni,it ITA,GK,18-219,0,0,,,,,,,,,,,,,,,,,,,,,,,
369,Davide Merola,it ITA,FW,22-157,0,0,,,,,,,,,,,,,,,,,,,,,,,
370,Samuele Perisan,it ITA,GK,25-010,0,0,,,,,,,,,,,,,,,,,,,,,,,
371,Leo Štulac,si SVN,MF,27-339,0,0,,,,,,,,,,,,,,,,,,,,,,,
372,Federico Baschirotto,it ITA,DF,25-345,3,3,270.0,3.0,0.0,0.0,0.0,0.0,0.0,1.0,0.0,0.0,0.0,0.0,0.0,0.0,0.1,0.1,0.0,0.1,0.02,0.0,0.02,0.02,0.02
373,Wladimiro Falcone,it ITA,GK,27-141,3,3,270.0,3.0,0.0,0.0,0.0,0.0,0.0,0.0,0.0,0.0,0.0,0.0,0.0,0.0,0.0,0.0,0.0,0.0,0.0,0.0,0.0,0.0,0.0
374,Antonino Gallo,it ITA,DF,22-238,3,3,270.0,3.0,0.0,0.0,0.0,0.0,0.0,0.0,0.0,0.0,0.0,0.0,0.0,0.0,0.0,0.0,0.3,0.3,0.0,0.1,0.1,0.0,0.1
375,Valentin Gendrey,fr FRA,DF,22-071,3,3,270.0,3.0,0.0,0.0,0.0,0.0,0.0,0.0,0.0,0.0,0.0,0.0,0.0,0.0,0.0,0.0,0.2,0.2,0.0,0.08,0.08,0.0,0.08
376,Morten Hjulmand,dk DEN,MF,23-067,3,3,270.0,3.0,0.0,0.0,0.0,0.0,0.0,1.0,0.0,0.0,0.0,0.0,0.0,0.0,0.0,0.0,0.1,0.1,0.02,0.02,0.04,0.02,0.04
377,Gabriel Strefezza,br BRA,"FW,MF",25-135,3,3,247.0,2.7,1.0,0.0,1.0,0.0,0.0,0.0,0.0,0.36,0.0,0.36,0.36,0.36,0.3,0.3,0.2,0.5,0.11,0.07,0.18,0.11,0.18
378,Joan Gonzàlez,es ESP,"MF,FW",20-211,3,3,230.0,2.6,0.0,0.0,0.0,0.0,0.0,1.0,0.0,0.0,0.0,0.0,0.0,0.0,0.2,0.2,0.2,0.4,0.07,0.07,0.14,0.07,0.14
379,Assan Ceesay,gm GAM,FW,28-167,3,3,219.0,2.4,1.0,0.0,1.0,0.0,0.0,0.0,0.0,0.41,0.0,0.41,0.41,0.41,0.4,0.4,0.0,0.4,0.17,0.0,0.17,0.17,0.17
380,Kristijan Bistrović,hr CRO,MF,24-144,3,3,187.0,2.1,0.0,0.0,0.0,0.0,0.0,0.0,0.0,0.0,0.0,0.0,0.0,0.0,0.1,0.1,0.0,0.1,0.07,0.0,0.07,0.07,0.07
381,Federico Di Francesco,it ITA,FW,28-078,3,2,140.0,1.6,0.0,1.0,0.0,0.0,0.0,0.0,0.0,0.0,0.64,0.64,0.0,0.64,0.1,0.1,0.3,0.4,0.06,0.19,0.25,0.06,0.25
382,Alexis Blin,fr FRA,DF,25-349,3,1,172.0,1.9,0.0,0.0,0.0,0.0,0.0,1.0,0.0,0.0,0.0,0.0,0.0,0.0,0.0,0.0,0.0,0.0,0.0,0.01,0.01,0.0,0.01
383,Lameck Banda,zm ZAM,"FW,MF",21-214,3,1,135.0,1.5,0.0,1.0,0.0,0.0,0.0,1.0,0.0,0.0,0.67,0.67,0.0,0.67,0.3,0.3,0.1,0.4,0.2,0.07,0.27,0.2,0.27
384,Marin Pongračić,hr CRO,DF,24-354,1,1,90.0,1.0,0.0,0.0,0.0,0.0,0.0,0.0,0.0,0.0,0.0,0.0,0.0,0.0,0.0,0.0,0.0,0.0,0.0,0.0,0.0,0.0,0.0
385,Yıldırım Mert Çetin,tr TUR,DF,25-242,1,1,20.0,0.2,0.0,0.0,0.0,0.0,0.0,0.0,0.0,0.0,0.0,0.0,0.0,0.0,0.0,0.0,0.0,0.0,0.0,0.0,0.0,0.0,0.0
386,Kristoffer Askildsen,no NOR,MF,21-234,2,0,56.0,0.6,0.0,0.0,0.0,0.0,0.0,0.0,0.0,0.0,0.0,0.0,0.0,0.0,0.1,0.1,0.0,0.1,0.16,0.0,0.16,0.16,0.16
387,Lorenzo Colombo,it ITA,FW,20-176,3,0,51.0,0.6,0.0,0.0,0.0,0.0,0.0,1.0,0.0,0.0,0.0,0.0,0.0,0.0,0.0,0.0,0.0,0.0,0.06,0.0,0.06,0.06,0.06
388,Þórir Jóhann Helgason,is ISL,MF,21-337,2,0,38.0,0.4,0.0,0.0,0.0,0.0,0.0,0.0,0.0,0.0,0.0,0.0,0.0,0.0,0.0,0.0,0.0,0.0,0.11,0.0,0.11,0.11,0.11
389,Marcin Listkowski,pl POL,"FW,MF",24-202,3,0,35.0,0.4,0.0,0.0,0.0,0.0,0.0,0.0,0.0,0.0,0.0,0.0,0.0,0.0,0.1,0.1,0.0,0.1,0.21,0.0,0.21,0.21,0.21
390,Medon Berisha,xk KVX,FW,18-314,0,0,,,,,,,,,,,,,,,,,,,,,,,
391,Marco Bleve,it ITA,GK,26-317,0,0,,,,,,,,,,,,,,,,,,,,,,,
392,Federico Brancolini,it ITA,GK,21-048,0,0,,,,,,,,,,,,,,,,,,,,,,,
393,Mattia Ciucci,it ITA,DF,19-293,0,0,,,,,,,,,,,,,,,,,,,,,,,
394,Francesco Di Mariano,it ITA,"FW,MF",26-133,0,0,,,,,,,,,,,,,,,,,,,,,,,
395,Gianluca Frabotta,it ITA,DF,23-068,0,0,,,,,,,,,,,,,,,,,,,,,,,
396,Mats Lemmens,be BEL,DF,20-174,0,0,,,,,,,,,,,,,,,,,,,,,,,
397,Giuseppe Pezzella,it ITA,"DF,MF",24-275,0,0,,,,,,,,,,,,,,,,,,,,,,,
398,Pablo Rodríguez,es ESP,FW,21-027,0,0,,,,,,,,,,,,,,,,,,,,,,,
399,Jasper Samooja,fi FIN,GK,19-041,0,0,,,,,,,,,,,,,,,,,,,,,,,
400,Alessandro Tuia,it ITA,DF,32-084,0,0,,,,,,,,,,,,,,,,,,,,,,,
401,Samuel Umtiti,fr FRA,DF,28-290,0,0,,,,,,,,,,,,,,,,,,,,,,,
402,Joel Voelkerling Persson,se SWE,FW,19-228,0,0,,,,,,,,,,,,,,,,,,,,,,,
403,Marko Arnautović,at AUT,FW,33-134,3,3,270.0,3.0,2.0,0.0,1.0,1.0,1.0,2.0,0.0,0.67,0.0,0.67,0.33,0.33,1.6,0.8,0.4,1.2,0.54,0.13,0.67,0.28,0.4
404,Łukasz Skorupski,pl POL,GK,31-118,3,3,270.0,3.0,0.0,0.0,0.0,0.0,0.0,0.0,0.0,0.0,0.0,0.0,0.0,0.0,0.0,0.0,0.0,0.0,0.0,0.0,0.0,0.0,0.0
405,Andrea Cambiaso,it ITA,DF,22-192,3,3,265.0,2.9,0.0,0.0,0.0,0.0,0.0,1.0,0.0,0.0,0.0,0.0,0.0,0.0,0.1,0.1,0.4,0.5,0.03,0.15,0.17,0.03,0.17
406,Jerdy Schouten,nl NED,MF,25-231,3,3,263.0,2.9,0.0,0.0,0.0,0.0,0.0,1.0,0.0,0.0,0.0,0.0,0.0,0.0,0.0,0.0,0.0,0.0,0.01,0.0,0.01,0.01,0.01
407,Gary Medel,cl CHI,DF,35-028,3,3,253.0,2.8,0.0,0.0,0.0,0.0,0.0,0.0,0.0,0.0,0.0,0.0,0.0,0.0,0.0,0.0,0.0,0.0,0.0,0.0,0.0,0.0,0.0
408,Nicolás Domínguez,ar ARG,MF,24-064,3,3,221.0,2.5,0.0,0.0,0.0,0.0,0.0,1.0,0.0,0.0,0.0,0.0,0.0,0.0,0.1,0.1,0.1,0.2,0.05,0.04,0.09,0.05,0.09
409,Lorenzo De Silvestri,it ITA,DF,34-100,2,2,180.0,2.0,0.0,0.0,0.0,0.0,0.0,0.0,0.0,0.0,0.0,0.0,0.0,0.0,0.4,0.4,0.2,0.5,0.18,0.09,0.27,0.18,0.27
410,Denso Kasius,nl NED,DF,19-329,3,2,179.0,2.0,0.0,1.0,0.0,0.0,0.0,0.0,0.0,0.0,0.5,0.5,0.0,0.5,0.1,0.1,0.5,0.6,0.05,0.24,0.29,0.05,0.29
411,Roberto Soriano,it ITA,MF,31-204,3,2,156.0,1.7,0.0,0.0,0.0,0.0,0.0,0.0,0.0,0.0,0.0,0.0,0.0,0.0,0.0,0.0,0.1,0.1,0.01,0.04,0.06,0.01,0.06
412,Adama Soumaoro,fr FRA,DF,30-074,2,2,134.0,1.5,0.0,0.0,0.0,0.0,0.0,2.0,1.0,0.0,0.0,0.0,0.0,0.0,0.3,0.3,0.0,0.3,0.21,0.0,0.21,0.21,0.21
413,Kevin Bonifazi,it ITA,DF,26-104,3,1,152.0,1.7,0.0,0.0,0.0,0.0,0.0,1.0,0.0,0.0,0.0,0.0,0.0,0.0,0.0,0.0,0.0,0.0,0.0,0.0,0.0,0.0,0.0
414,Emanuel Vignato,it ITA,MF,22-007,3,1,93.0,1.0,0.0,0.0,0.0,0.0,0.0,0.0,0.0,0.0,0.0,0.0,0.0,0.0,0.0,0.0,0.0,0.0,0.0,0.02,0.02,0.0,0.02
415,Charalambos Lykogiannis,gr GRE,DF,28-313,2,1,91.0,1.0,0.0,0.0,0.0,0.0,0.0,0.0,0.0,0.0,0.0,0.0,0.0,0.0,0.1,0.1,0.0,0.1,0.1,0.0,0.1,0.1,0.1
416,Jhon Lucumí,co COL,DF,24-066,1,1,90.0,1.0,0.0,0.0,0.0,0.0,0.0,0.0,0.0,0.0,0.0,0.0,0.0,0.0,0.0,0.0,0.0,0.0,0.0,0.0,0.0,0.0,0.0
417,Musa Barrow,gm GAM,"FW,MF",23-290,2,1,79.0,0.9,0.0,0.0,0.0,0.0,0.0,0.0,0.0,0.0,0.0,0.0,0.0,0.0,0.1,0.1,0.1,0.2,0.17,0.07,0.24,0.17,0.24
418,Riccardo Orsolini,it ITA,FW,25-219,1,1,77.0,0.9,0.0,0.0,0.0,0.0,0.0,0.0,1.0,0.0,0.0,0.0,0.0,0.0,0.1,0.1,0.0,0.1,0.1,0.04,0.14,0.1,0.14
419,Nicola Sansone,it ITA,FW,30-355,2,1,74.0,0.8,0.0,0.0,0.0,0.0,0.0,1.0,0.0,0.0,0.0,0.0,0.0,0.0,0.2,0.2,0.0,0.2,0.24,0.0,0.24,0.24,0.24
420,Michel Aebischer,ch SUI,MF,25-237,3,0,57.0,0.6,0.0,0.0,0.0,0.0,0.0,1.0,0.0,0.0,0.0,0.0,0.0,0.0,0.0,0.0,0.0,0.0,0.01,0.0,0.01,0.01,0.01
421,Lewis Ferguson,sct SCO,MF,23-007,1,0,7.0,0.1,0.0,0.0,0.0,0.0,0.0,0.0,0.0,0.0,0.0,0.0,0.0,0.0,0.0,0.0,0.0,0.0,0.0,0.0,0.0,0.0,0.0
422,Wisdom Amey,it ITA,DF,17-020,0,0,,,,,,,,,,,,,,,,,,,,,,,
423,Matteo Angeli,it ITA,DF,19-244,0,0,,,,,,,,,,,,,,,,,,,,,,,
424,Nicola Bagnolini,it ITA,GK,18-170,0,0,,,,,,,,,,,,,,,,,,,,,,,
425,Francesco Bardi,it ITA,GK,30-225,0,0,,,,,,,,,,,,,,,,,,,,,,,
426,Ibrahima Mbaye,sn SEN,"DF,MF",27-285,0,0,,,,,,,,,,,,,,,,,,,,,,,
427,Mattia Motolese,it ITA,DF,18-140,0,0,,,,,,,,,,,,,,,,,,,,,,,
428,Antonio Raimondo,it ITA,FW,18-166,0,0,,,,,,,,,,,,,,,,,,,,,,,
429,Joaquin Sosa,uy URU,DF,20-233,0,0,,,,,,,,,,,,,,,,,,,,,,,
430,Kacper Urbanski,pl POL,MF,17-358,0,0,,,,,,,,,,,,,,,,,,,,,,,
431,Koray Günter,de GER,DF,28-015,3,3,270.0,3.0,0.0,0.0,0.0,0.0,0.0,1.0,0.0,0.0,0.0,0.0,0.0,0.0,0.1,0.1,0.0,0.1,0.04,0.01,0.05,0.04,0.05
432,Ivan Ilić,rs SRB,MF,21-167,3,3,270.0,3.0,0.0,0.0,0.0,0.0,0.0,0.0,0.0,0.0,0.0,0.0,0.0,0.0,0.1,0.1,0.4,0.5,0.05,0.12,0.17,0.05,0.17
433,Darko Lazović,rs SRB,DF,31-350,3,3,270.0,3.0,0.0,1.0,0.0,0.0,0.0,0.0,0.0,0.0,0.33,0.33,0.0,0.33,0.1,0.1,0.7,0.9,0.05,0.24,0.29,0.05,0.29
434,Lorenzo Montipò,it ITA,GK,26-192,3,3,270.0,3.0,0.0,0.0,0.0,0.0,0.0,0.0,0.0,0.0,0.0,0.0,0.0,0.0,0.0,0.0,0.0,0.0,0.0,0.0,0.0,0.0,0.0
435,Adrien Tameze,cm CMR,MF,28-208,3,3,264.0,2.9,0.0,0.0,0.0,0.0,0.0,0.0,0.0,0.0,0.0,0.0,0.0,0.0,0.5,0.5,0.1,0.6,0.18,0.04,0.22,0.18,0.22
436,Kevin Lasagna,it ITA,FW,30-021,3,3,251.0,2.8,1.0,0.0,1.0,0.0,0.0,0.0,0.0,0.36,0.0,0.36,0.36,0.36,1.4,1.4,0.0,1.5,0.51,0.01,0.52,0.51,0.52
437,Thomas Henry,fr FRA,FW,27-345,3,3,230.0,2.6,2.0,0.0,2.0,0.0,0.0,1.0,0.0,0.78,0.0,0.78,0.78,0.78,0.9,0.9,0.2,1.0,0.34,0.06,0.4,0.34,0.4
438,Martin Hongla,cm CMR,MF,24-168,3,2,184.0,2.0,0.0,0.0,0.0,0.0,0.0,2.0,0.0,0.0,0.0,0.0,0.0,0.0,0.1,0.1,0.3,0.4,0.03,0.16,0.19,0.03,0.19
439,Diego Coppola,it ITA,DF,18-246,2,2,180.0,2.0,0.0,0.0,0.0,0.0,0.0,1.0,0.0,0.0,0.0,0.0,0.0,0.0,0.1,0.1,0.0,0.1,0.06,0.0,0.06,0.06,0.06
440,Davide Faraoni,it ITA,DF,30-310,2,2,141.0,1.6,0.0,1.0,0.0,0.0,0.0,0.0,0.0,0.0,0.64,0.64,0.0,0.64,0.1,0.1,0.2,0.3,0.03,0.15,0.18,0.03,0.18
441,Filippo Terracciano,it ITA,DF,19-204,2,1,123.0,1.4,0.0,0.0,0.0,0.0,0.0,0.0,0.0,0.0,0.0,0.0,0.0,0.0,0.0,0.0,0.1,0.1,0.0,0.1,0.1,0.0,0.1
442,Panagiotis Retsos,gr GRE,DF,24-022,2,1,122.0,1.4,0.0,0.0,0.0,0.0,0.0,0.0,0.0,0.0,0.0,0.0,0.0,0.0,0.1,0.1,0.0,0.1,0.05,0.02,0.07,0.05,0.07
443,Paweł Dawidowicz,pl POL,DF,27-103,1,1,90.0,1.0,0.0,0.0,0.0,0.0,0.0,0.0,0.0,0.0,0.0,0.0,0.0,0.0,0.0,0.0,0.0,0.0,0.0,0.0,0.0,0.0,0.0
444,Federico Ceccherini,it ITA,DF,30-112,1,1,64.0,0.7,0.0,0.0,0.0,0.0,0.0,1.0,0.0,0.0,0.0,0.0,0.0,0.0,0.0,0.0,0.0,0.0,0.02,0.05,0.07,0.02,0.07
445,Miguel Veloso,pt POR,MF,36-112,2,1,61.0,0.7,0.0,0.0,0.0,0.0,0.0,0.0,0.0,0.0,0.0,0.0,0.0,0.0,0.0,0.0,0.0,0.0,0.03,0.0,0.03,0.03,0.03
446,Bruno Amione,ar ARG,DF,20-240,1,1,58.0,0.6,0.0,0.0,0.0,0.0,0.0,1.0,0.0,0.0,0.0,0.0,0.0,0.0,0.0,0.0,0.0,0.0,0.0,0.0,0.0,0.0,0.0
447,Roberto Piccoli,it ITA,FW,21-216,1,0,32.0,0.4,0.0,0.0,0.0,0.0,0.0,0.0,0.0,0.0,0.0,0.0,0.0,0.0,0.0,0.0,0.0,0.0,0.0,0.0,0.0,0.0,0.0
448,Milan Đurić,ba BIH,FW,32-101,3,0,27.0,0.3,0.0,0.0,0.0,0.0,0.0,0.0,0.0,0.0,0.0,0.0,0.0,0.0,0.0,0.0,0.0,0.0,0.0,0.0,0.0,0.0,0.0
449,Isak Hien,se SWE,DF,23-230,1,0,26.0,0.3,0.0,0.0,0.0,0.0,0.0,1.0,0.0,0.0,0.0,0.0,0.0,0.0,0.0,0.0,0.0,0.0,0.0,0.0,0.0,0.0,0.0
450,Antonín Barák,cz CZE,MF,27-271,1,0,25.0,0.3,0.0,0.0,0.0,0.0,0.0,0.0,0.0,0.0,0.0,0.0,0.0,0.0,0.0,0.0,0.0,0.0,0.0,0.0,0.0,0.0,0.0
451,Alessandro Cortinovis,it ITA,MF,21-218,1,0,6.0,0.1,0.0,0.0,0.0,0.0,0.0,0.0,0.0,0.0,0.0,0.0,0.0,0.0,0.0,0.0,0.0,0.0,0.0,0.0,0.0,0.0,0.0
452,Josh Doig,sct SCO,DF,20-105,1,0,6.0,0.1,0.0,0.0,0.0,0.0,0.0,0.0,0.0,0.0,0.0,0.0,0.0,0.0,0.0,0.0,0.0,0.0,0.19,0.43,0.61,0.19,0.61
453,Alessandro Berardi,it ITA,GK,31-227,0,0,,,,,,,,,,,,,,,,,,,,,,,
454,Juan Cabal,co COL,DF,21-235,0,0,,,,,,,,,,,,,,,,,,,,,,,
455,Mattia Chiesa,it ITA,GK,22-046,0,0,,,,,,,,,,,,,,,,,,,,,,,
456,Yayah Kallon,sl SLE,FW,21-062,0,0,,,,,,,,,,,,,,,,,,,,,,,
457,Giangiacomo Magnani,it ITA,DF,26-331,0,0,,,,,,,,,,,,,,,,,,,,,,,
458,Simone Perilli,it ITA,GK,27-236,0,0,,,,,,,,,,,,,,,,,,,,,,,
459,Mateusz Praszelik,pl POL,MF,21-339,0,0,,,,,,,,,,,,,,,,,,,,,,,
460,Ibrahim Sulemana,gh GHA,MF,19-101,0,0,,,,,,,,,,,,,,,,,,,,,,,
461,Emil Audero,it ITA,GK,25-225,3,3,270.0,3.0,0.0,0.0,0.0,0.0,0.0,0.0,0.0,0.0,0.0,0.0,0.0,0.0,0.0,0.0,0.0,0.0,0.0,0.0,0.0,0.0,0.0
462,Omar Colley,gm GAM,DF,29-311,3,3,270.0,3.0,0.0,0.0,0.0,0.0,0.0,0.0,0.0,0.0,0.0,0.0,0.0,0.0,0.1,0.1,0.0,0.1,0.02,0.0,0.02,0.02,0.02
463,Alex Ferrari,it ITA,DF,28-061,3,3,269.0,3.0,0.0,0.0,0.0,0.0,0.0,1.0,0.0,0.0,0.0,0.0,0.0,0.0,0.1,0.1,0.0,0.1,0.02,0.02,0.04,0.02,0.04
464,Abdelhamid Sabiri,de GER,MF,25-276,3,3,259.0,2.9,0.0,0.0,0.0,0.0,0.0,1.0,0.0,0.0,0.0,0.0,0.0,0.0,0.6,0.6,0.8,1.4,0.2,0.28,0.47,0.2,0.47
465,Tommaso Augello,it ITA,DF,28-001,3,3,251.0,2.8,0.0,0.0,0.0,0.0,0.0,0.0,0.0,0.0,0.0,0.0,0.0,0.0,0.0,0.0,0.1,0.1,0.0,0.03,0.03,0.0,0.03
466,Tomás Rincón,ve VEN,MF,34-230,3,3,246.0,2.7,0.0,0.0,0.0,0.0,0.0,1.0,0.0,0.0,0.0,0.0,0.0,0.0,0.0,0.0,0.2,0.2,0.02,0.06,0.08,0.02,0.08
467,Mehdi Léris,fr FRA,MF,24-100,3,3,226.0,2.5,0.0,0.0,0.0,0.0,0.0,1.0,0.0,0.0,0.0,0.0,0.0,0.0,1.5,1.5,0.0,1.5,0.58,0.01,0.59,0.58,0.59
468,Francesco Caputo,it ITA,FW,35-025,3,3,196.0,2.2,0.0,0.0,0.0,0.0,0.0,0.0,0.0,0.0,0.0,0.0,0.0,0.0,0.4,0.4,0.2,0.5,0.17,0.08,0.25,0.17,0.25
469,Filip Đuričić,rs SRB,MF,30-213,3,3,189.0,2.1,0.0,0.0,0.0,0.0,0.0,1.0,0.0,0.0,0.0,0.0,0.0,0.0,0.1,0.1,0.1,0.2,0.05,0.03,0.09,0.05,0.09
470,Ronaldo Vieira,gw GNB,MF,24-043,3,2,196.0,2.2,0.0,0.0,0.0,0.0,0.0,0.0,0.0,0.0,0.0,0.0,0.0,0.0,0.0,0.0,0.0,0.0,0.01,0.0,0.01,0.01,0.01
471,Bartosz Bereszyński,pl POL,DF,30-050,2,2,147.0,1.6,0.0,0.0,0.0,0.0,0.0,0.0,0.0,0.0,0.0,0.0,0.0,0.0,0.0,0.0,0.0,0.0,0.0,0.0,0.0,0.0,0.0
472,Fabio Depaoli,it ITA,"DF,MF",25-129,3,1,136.0,1.5,0.0,0.0,0.0,0.0,0.0,1.0,0.0,0.0,0.0,0.0,0.0,0.0,0.1,0.1,0.2,0.3,0.06,0.16,0.22,0.06,0.22
473,Gonzalo Villar,es ESP,MF,24-161,2,1,80.0,0.9,0.0,0.0,0.0,0.0,0.0,0.0,0.0,0.0,0.0,0.0,0.0,0.0,0.0,0.0,0.0,0.0,0.0,0.0,0.0,0.0,0.0
474,Valerio Verre,it ITA,MF,28-232,3,0,86.0,1.0,0.0,0.0,0.0,0.0,0.0,2.0,0.0,0.0,0.0,0.0,0.0,0.0,0.1,0.1,0.2,0.3,0.07,0.26,0.33,0.07,0.33
475,Fabio Quagliarella,it ITA,FW,39-212,3,0,57.0,0.6,0.0,0.0,0.0,0.0,0.0,1.0,0.0,0.0,0.0,0.0,0.0,0.0,0.6,0.6,0.0,0.6,0.91,0.0,0.91,0.91,0.91
476,Manuel De Luca,it ITA,FW,24-045,1,0,33.0,0.4,0.0,0.0,0.0,0.0,0.0,0.0,0.0,0.0,0.0,0.0,0.0,0.0,0.0,0.0,0.0,0.0,0.0,0.0,0.0,0.0,0.0
477,Manolo Gabbiadini,it ITA,"FW,MF",30-278,1,0,28.0,0.3,0.0,0.0,0.0,0.0,0.0,0.0,0.0,0.0,0.0,0.0,0.0,0.0,0.0,0.0,0.2,0.2,0.0,0.68,0.68,0.0,0.68
478,Nicola Murru,it ITA,DF,27-258,1,0,19.0,0.2,0.0,0.0,0.0,0.0,0.0,0.0,0.0,0.0,0.0,0.0,0.0,0.0,0.0,0.0,0.0,0.0,0.0,0.0,0.0,0.0,0.0
479,Gerard Yepes,es ESP,FW,20-006,1,0,11.0,0.1,0.0,0.0,0.0,0.0,0.0,0.0,0.0,0.0,0.0,0.0,0.0,0.0,0.0,0.0,0.0,0.0,0.0,0.0,0.0,0.0,0.0
480,Jeison Murillo,co COL,DF,30-096,1,0,1.0,0.0,0.0,0.0,0.0,0.0,0.0,0.0,0.0,0.0,0.0,0.0,0.0,0.0,0.0,0.0,0.0,0.0,0.0,0.0,0.0,0.0,0.0
481,Nikita Contini Baranovsky,it ITA,GK,26-102,0,0,,,,,,,,,,,,,,,,,,,,,,,
482,Maxime Leverbe,fr FRA,DF,25-197,0,0,,,,,,,,,,,,,,,,,,,,,,,
483,Lorenzo Malagrida,it ITA,MF,18-311,0,0,,,,,,,,,,,,,,,,,,,,,,,
484,Nicola Ravaglia,it ITA,GK,33-262,0,0,,,,,,,,,,,,,,,,,,,,,,,
485,Telasco Segovia,ve VEN,MF,19-151,0,0,,,,,,,,,,,,,,,,,,,,,,,
486,Ionuț Radu,ro ROU,GK,25-095,4,4,360.0,4.0,0.0,0.0,0.0,0.0,0.0,0.0,0.0,0.0,0.0,0.0,0.0,0.0,0.0,0.0,0.2,0.2,0.0,0.04,0.04,0.0,0.04
487,David Okereke,ng NGA,"FW,MF",25-002,4,4,343.0,3.8,2.0,0.0,2.0,0.0,0.0,1.0,0.0,0.52,0.0,0.52,0.52,0.52,0.2,0.2,0.4,0.6,0.04,0.11,0.15,0.04,0.15
488,Cyriel Dessers,ng NGA,FW,27-266,4,4,336.0,3.7,0.0,0.0,0.0,0.0,0.0,1.0,0.0,0.0,0.0,0.0,0.0,0.0,1.2,1.2,0.4,1.6,0.32,0.1,0.42,0.32,0.42
489,Charles Pickel,ch SUI,MF,25-108,4,4,312.0,3.5,0.0,0.0,0.0,0.0,0.0,0.0,0.0,0.0,0.0,0.0,0.0,0.0,0.3,0.3,0.0,0.3,0.09,0.01,0.09,0.09,0.09
490,Matteo Bianchetti,it ITA,DF,29-167,4,3,305.0,3.4,1.0,0.0,1.0,0.0,0.0,1.0,0.0,0.3,0.0,0.3,0.3,0.3,0.4,0.4,0.0,0.4,0.12,0.0,0.12,0.12,0.12
491,Luca Zanimacchia,it ITA,MF,24-043,4,3,251.0,2.8,0.0,0.0,0.0,0.0,0.0,1.0,0.0,0.0,0.0,0.0,0.0,0.0,0.5,0.5,0.2,0.7,0.16,0.07,0.23,0.16,0.23
492,Emanuel Aiwum,at AUT,DF,21-249,4,3,228.0,2.5,0.0,0.0,0.0,0.0,0.0,2.0,0.0,0.0,0.0,0.0,0.0,0.0,0.2,0.2,0.1,0.3,0.07,0.04,0.11,0.07,0.11
493,Paolo Ghiglione,it ITA,DF,25-210,3,3,226.0,2.5,0.0,1.0,0.0,0.0,0.0,1.0,0.0,0.0,0.4,0.4,0.0,0.4,0.0,0.0,0.1,0.1,0.01,0.05,0.05,0.01,0.05
494,Gonzalo Escalante,ar ARG,MF,29-157,3,3,217.0,2.4,0.0,1.0,0.0,0.0,0.0,0.0,1.0,0.0,0.41,0.41,0.0,0.41,0.1,0.1,0.1,0.3,0.05,0.05,0.11,0.05,0.11
495,Emanuele Valeri,it ITA,DF,23-267,3,2,204.0,2.3,0.0,0.0,0.0,0.0,0.0,0.0,0.0,0.0,0.0,0.0,0.0,0.0,0.1,0.1,0.1,0.2,0.05,0.05,0.1,0.05,0.1
496,Johan Vásquez,mx MEX,DF,23-313,3,2,204.0,2.3,0.0,0.0,0.0,0.0,0.0,1.0,0.0,0.0,0.0,0.0,0.0,0.0,0.0,0.0,0.0,0.0,0.01,0.0,0.01,0.01,0.01
497,Santiago Ascacíbar,ar ARG,MF,25-187,4,2,202.0,2.2,0.0,0.0,0.0,0.0,0.0,0.0,0.0,0.0,0.0,0.0,0.0,0.0,0.0,0.0,0.1,0.1,0.01,0.03,0.04,0.01,0.04
498,Luka Lochoshvili,ge GEO,DF,24-094,2,2,150.0,1.7,0.0,0.0,0.0,0.0,0.0,0.0,0.0,0.0,0.0,0.0,0.0,0.0,0.0,0.0,0.0,0.0,0.0,0.0,0.0,0.0,0.0
499,Vlad Chiricheș,ro ROU,DF,32-290,2,2,135.0,1.5,0.0,0.0,0.0,0.0,0.0,1.0,0.0,0.0,0.0,0.0,0.0,0.0,0.0,0.0,0.0,0.0,0.0,0.0,0.0,0.0,0.0
500,Giacomo Quagliata,it ITA,DF,22-193,3,1,117.0,1.3,0.0,0.0,0.0,0.0,0.0,0.0,0.0,0.0,0.0,0.0,0.0,0.0,0.1,0.1,0.0,0.1,0.05,0.0,0.05,0.05,0.05
501,Jaime Báez,uy URU,DF,27-128,2,1,96.0,1.1,0.0,0.0,0.0,0.0,0.0,0.0,0.0,0.0,0.0,0.0,0.0,0.0,0.1,0.1,0.2,0.3,0.09,0.15,0.24,0.09,0.24
502,Leonardo Sernicola,it ITA,DF,25-032,2,1,74.0,0.8,1.0,0.0,1.0,0.0,0.0,0.0,0.0,1.22,0.0,1.22,1.22,1.22,0.1,0.1,0.0,0.1,0.08,0.0,0.08,0.08,0.08
503,Cristian Buonaiuto,it ITA,MF,29-245,3,0,90.0,1.0,0.0,0.0,0.0,0.0,0.0,0.0,0.0,0.0,0.0,0.0,0.0,0.0,0.2,0.2,0.2,0.3,0.19,0.16,0.34,0.19,0.34
504,Samuel Di Carmine,it ITA,"FW,MF",33-336,2,0,28.0,0.3,0.0,0.0,0.0,0.0,0.0,0.0,0.0,0.0,0.0,0.0,0.0,0.0,0.1,0.1,0.0,0.1,0.18,0.0,0.18,0.18,0.18
505,Frank Tsadjout,it ITA,FW,23-034,1,0,13.0,0.1,0.0,0.0,0.0,0.0,0.0,0.0,0.0,0.0,0.0,0.0,0.0,0.0,0.0,0.0,0.0,0.0,0.0,0.0,0.0,0.0,0.0
506,Daniel Ciofani,it ITA,FW,37-031,2,0,12.0,0.1,0.0,0.0,0.0,0.0,0.0,0.0,0.0,0.0,0.0,0.0,0.0,0.0,0.0,0.0,0.0,0.0,0.0,0.2,0.2,0.0,0.2
507,Michele Castagnetti,it ITA,MF,32-247,1,0,10.0,0.1,0.0,0.0,0.0,0.0,0.0,0.0,0.0,0.0,0.0,0.0,0.0,0.0,0.0,0.0,0.0,0.0,0.0,0.0,0.0,0.0,0.0
508,Christian Acella,it ITA,MF,20-055,0,0,,,,,,,,,,,,,,,,,,,,,,,
509,Tommaso Milanese,it ITA,MF,20-031,0,0,,,,,,,,,,,,,,,,,,,,,,,
510,Maissa Ndiaye,sn SEN,DF,20-215,0,0,,,,,,,,,,,,,,,,,,,,,,,
511,Luca Ravanelli,it ITA,DF,25-227,0,0,,,,,,,,,,,,,,,,,,,,,,,
512,Gianluca Saro,it ITA,GK,22-067,0,0,,,,,,,,,,,,,,,,,,,,,,,
513,Mouhamadou Sarr,sn SEN,GK,25-238,0,0,,,,,,,,,,,,,,,,,,,,,,,
514,Michele Di Gregorio,it ITA,GK,25-035,4,4,360.0,4.0,0.0,0.0,0.0,0.0,0.0,0.0,0.0,0.0,0.0,0.0,0.0,0.0,0.0,0.0,0.0,0.0,0.0,0.0,0.0,0.0,0.0
515,Samuele Birindelli,it ITA,DF,23-043,4,4,352.0,3.9,0.0,0.0,0.0,0.0,0.0,0.0,0.0,0.0,0.0,0.0,0.0,0.0,0.6,0.6,0.3,0.9,0.15,0.08,0.23,0.15,0.23
516,Gianluca Caprari,it ITA,"FW,MF",29-032,4,4,304.0,3.4,0.0,1.0,0.0,0.0,0.0,1.0,0.0,0.0,0.3,0.3,0.0,0.3,0.5,0.5,0.3,0.9,0.15,0.1,0.25,0.15,0.25
517,Andrea Petagna,it ITA,FW,27-062,4,4,278.0,3.1,0.0,0.0,0.0,0.0,0.0,0.0,0.0,0.0,0.0,0.0,0.0,0.0,0.2,0.2,0.4,0.6,0.07,0.12,0.2,0.07,0.2
518,Marlon,br BRA,DF,26-358,3,3,270.0,3.0,0.0,0.0,0.0,0.0,0.0,1.0,0.0,0.0,0.0,0.0,0.0,0.0,0.1,0.1,0.0,0.1,0.02,0.0,0.02,0.02,0.02
519,Stefano Sensi,it ITA,MF,27-026,4,3,267.0,3.0,0.0,0.0,0.0,0.0,0.0,0.0,0.0,0.0,0.0,0.0,0.0,0.0,0.1,0.1,0.4,0.5,0.02,0.15,0.17,0.02,0.17
520,Carlos,br BRA,DF,23-236,3,3,242.0,2.7,0.0,0.0,0.0,0.0,0.0,0.0,0.0,0.0,0.0,0.0,0.0,0.0,0.1,0.1,0.1,0.2,0.05,0.02,0.07,0.05,0.07
521,Andrea Barberis,it ITA,MF,28-263,2,2,180.0,2.0,0.0,0.0,0.0,0.0,0.0,0.0,0.0,0.0,0.0,0.0,0.0,0.0,0.1,0.1,0.1,0.2,0.04,0.07,0.11,0.04,0.11
522,Luca Caldirola,it ITA,DF,31-211,2,2,180.0,2.0,0.0,0.0,0.0,0.0,0.0,1.0,0.0,0.0,0.0,0.0,0.0,0.0,0.2,0.2,0.0,0.2,0.08,0.01,0.09,0.08,0.09
523,Mattia Valoti,it ITA,MF,28-359,3,2,177.0,2.0,0.0,0.0,0.0,0.0,0.0,0.0,0.0,0.0,0.0,0.0,0.0,0.0,0.0,0.0,0.1,0.1,0.0,0.04,0.04,0.0,0.04
524,Marco D'Alessandro,it ITA,DF,31-195,2,2,135.0,1.5,0.0,0.0,0.0,0.0,0.0,0.0,0.0,0.0,0.0,0.0,0.0,0.0,0.2,0.2,0.0,0.2,0.12,0.0,0.12,0.12,0.12
525,Luca Marrone,it ITA,DF,32-156,2,2,135.0,1.5,0.0,0.0,0.0,0.0,0.0,0.0,0.0,0.0,0.0,0.0,0.0,0.0,0.1,0.1,0.0,0.1,0.07,0.0,0.07,0.07,0.07
526,Filippo Ranocchia,it ITA,MF,21-109,2,2,120.0,1.3,0.0,0.0,0.0,0.0,0.0,0.0,0.0,0.0,0.0,0.0,0.0,0.0,0.2,0.2,0.0,0.2,0.12,0.01,0.14,0.12,0.14
527,Salvatore Molina,it ITA,DF,30-242,3,1,169.0,1.9,0.0,0.0,0.0,0.0,0.0,0.0,0.0,0.0,0.0,0.0,0.0,0.0,0.0,0.0,0.2,0.2,0.01,0.11,0.12,0.01,0.12
528,Andrea Carboni,it ITA,DF,21-208,2,1,118.0,1.3,0.0,0.0,0.0,0.0,0.0,0.0,0.0,0.0,0.0,0.0,0.0,0.0,0.0,0.0,0.0,0.0,0.0,0.0,0.0,0.0,0.0
529,Pepín,gq EQG,MF,26-017,2,1,111.0,1.2,0.0,0.0,0.0,0.0,0.0,2.0,0.0,0.0,0.0,0.0,0.0,0.0,0.1,0.1,0.1,0.2,0.08,0.05,0.13,0.08,0.13
530,Andrea Colpani,it ITA,"MF,DF",23-112,3,1,97.0,1.1,1.0,0.0,1.0,0.0,0.0,0.0,0.0,0.93,0.0,0.93,0.93,0.93,0.3,0.3,0.3,0.7,0.3,0.32,0.62,0.3,0.62
531,Matteo Pessina,it ITA,MF,25-132,2,1,91.0,1.0,0.0,0.0,0.0,0.0,0.0,1.0,0.0,0.0,0.0,0.0,0.0,0.0,0.1,0.1,0.0,0.1,0.08,0.02,0.1,0.08,0.1
532,Pablo Marí,es ESP,DF,29-000,1,1,90.0,1.0,0.0,0.0,0.0,0.0,0.0,1.0,0.0,0.0,0.0,0.0,0.0,0.0,0.0,0.0,0.0,0.0,0.01,0.03,0.04,0.01,0.04
533,Andrea Ranocchia,it ITA,DF,34-196,1,1,47.0,0.5,0.0,0.0,0.0,0.0,0.0,0.0,0.0,0.0,0.0,0.0,0.0,0.0,0.0,0.0,0.0,0.0,0.0,0.0,0.0,0.0,0.0
534,Patrick Ciurria,it ITA,"MF,FW",27-203,3,0,68.0,0.8,0.0,0.0,0.0,0.0,0.0,1.0,0.0,0.0,0.0,0.0,0.0,0.0,0.1,0.1,0.0,0.2,0.19,0.04,0.23,0.19,0.23
535,Dany Mota,pt POR,"FW,MF",24-121,2,0,55.0,0.6,1.0,0.0,1.0,0.0,0.0,0.0,0.0,1.64,0.0,1.64,1.64,1.64,1.0,1.0,0.2,1.2,1.62,0.4,2.02,1.62,2.02
536,Valentin Antov,bg BUL,DF,21-295,2,0,54.0,0.6,0.0,0.0,0.0,0.0,0.0,0.0,0.0,0.0,0.0,0.0,0.0,0.0,0.0,0.0,0.0,0.0,0.0,0.0,0.0,0.0,0.0
537,Christian Gytkjær,dk DEN,FW,32-117,3,0,53.0,0.6,0.0,0.0,0.0,0.0,0.0,0.0,0.0,0.0,0.0,0.0,0.0,0.0,0.0,0.0,0.0,0.0,0.0,0.0,0.0,0.0,0.0
538,Warren Bondo,fr FRA,MF,18-350,1,0,7.0,0.1,0.0,0.0,0.0,0.0,0.0,0.0,0.0,0.0,0.0,0.0,0.0,0.0,0.0,0.0,0.0,0.0,0.0,0.0,0.0,0.0,0.0
539,Alessio Cragno,it ITA,GK,28-064,0,0,,,,,,,,,,,,,,,,,,,,,,,
540,Alessandro Sorrentino,it ITA,GK,20-150,0,0,,,,,,,,,,,,,,,,,,,,,,,
541,Samuele Vignato,it ITA,MF,18-188,0,0,,,,,,,,,,,,,,,,,,,,,,,
